MCM Name,Smiles String,InChl Identifier,formula,idx_species
O,,,O(3P),1
O3,[O-][O+]=O,InChI=1S/O3/c1-3-2,O3,2
NO,[N]=O,InChI=1S/NO/c1-2,NO,3
NO2,[N+](=O)[O-],InChI=1S/NO2/c2-1-3,NO2,4
NO3,[N+](=O)([O-])[O-],InChI=1S/NO3/c2-1(3)4/q-1,NO3,5
O1D,,,O(1D),6
N2O5,[O-][N+](=O)O[N+]([O-])=O,InChI=1S/N2O5/c3-1(4)7-2(5)6 ,N2O5,7
OH,[OH-],InChI=1S/H2O/h1H2/p-1,OH,8
HO2,[O]O,InChI=1S/HO2/c1-2/h1H ,HO2,9
H2,[HH],InChI=1S/H2/h1H,H2,10
CO,[C-]#[O+],InChI=1S/CO/c1-2 ,CO,11
H2O2,OO,InChI=1S/H2O2/c1-2/h1-2H,H2O2,12
HONO,O=NO,"InChI=1S/HNO2/c2-1-3/h(H,2,3)",HNO2,13
HNO3,[N+](=O)(O)[O-],"InChI=1S/HNO3/c2-1(3)4/h(H,2,3,4) ",HNO3,14
HO2NO2,[N+](=O)([O-])OO,InChI=1S/HNO4/c2-1(3)5-4/h4H,HNO4,15
SO2,O=S=O,InChI=1S/O2S/c1-3-2,O2S,16
SO3,O=S(=O)=O,InChI=1S/O3S/c1-4(2)3,O3S,17
HSO3,OS(=O)[O-],"InChI=1S/H2O3S/c1-4(2)3/h(H2,1,2,3)/p-1",H2O3S,18
NA,,,HNO3(aq),19
SA,,,H2SO4(aq),20
CH3OH, CO ," InChI=1S/CH4O/c1-2/h2H,1H3 ",CH4O,21
HCHO, C=O , InChI=1S/CH2O/c1-2/h1H2 ,CH2O,22
CL,,,Cl,23
CH4, C , InChI=1S/CH4/h1H4 ,CH4,24
CH3O2, CO[O] , InChI=1S/CH3O2/c1-3-2/h1H3 ,CH3O2,25
CH3CL, CCl , InChI=1S/CH3Cl/c1-2/h1H3 ,CH3Cl,26
CH2CLO2, [O]OCCl , InChI=1S/CH2ClO2/c2-1-4-3/h1H2 ,CH2ClO2,27
CH2CL2, ClCCl , InChI=1S/CH2Cl2/c2-1-3/h1H2 ,CH2Cl2,28
CHCL2O2, [O]OC(Cl)Cl , InChI=1S/CHCl2O2/c2-1(3)5-4/h1H ,CHCl2O2,29
CHCL3, ClC(Cl)Cl , InChI=1S/CHCl3/c2-1(3)4/h1H ,CHCl3,30
CCL3O2, [O]OC(Cl)(Cl)Cl ," InChI=1S/CCl3O2/c2-1(3,4)6-5 ",CCl3O2,31
CH3CCL3, CC(Cl)(Cl)Cl ," InChI=1S/C2H3Cl3/c1-2(3,4)5/h1H3 ",C2H3Cl3,32
CCL3CH2O2, [O]OCC(Cl)(Cl)Cl ," InChI=1S/C2H2Cl3O2/c3-2(4,5)1-7-6/h1H2 ",C2H2Cl3O2,33
C5H8, C=CC(=C)C ," InChI=1S/C5H8/c1-4-5(2)3/h4H,1-2H2,3H3 ",C5H8,34
NISOPO2, [O]OCC=C(C)CON(=O)=O ," InChI=1S/C5H8NO5/c1-5(2-3-11-9)4-10-6(7)8/h2H,3-4H2,1H3 ",C5H8NO5,35
CH2OOE, [O-][O+]=C , InChI=1S/CH2O2/c1-3-2/h1H2 ,CH2O2,36
MACR, CC(=C)C=O ," InChI=1S/C4H6O/c1-4(2)3-5/h3H,1H2,2H3 ",C4H6O,37
MVK, CC(=O)C=C ," InChI=1S/C4H6O/c1-3-4(2)5/h3H,1H2,2H3 ",C4H6O,38
MACROOA, [O-][O+]=CC(=C)C ," InChI=1S/C4H6O2/c1-4(2)3-6-5/h3H,1H2,2H3 ",C4H6O2,39
MVKOOA, [O-][O+]=C(C)C=C ," InChI=1S/C4H6O2/c1-3-4(2)6-5/h3H,1H2,2H3 ",C4H6O2,40
CISOPA, C/C(=C/[CH2])/CO ," InChI=1S/C5H9O/c1-3-5(2)4-6/h3,6H,1,4H2,2H3 ",C5H9O,41
CISOPC, OC/C=C(\[CH2])/C ," InChI=1S/C5H9O/c1-5(2)3-4-6/h3,6H,1,4H2,2H3 ",C5H9O,42
ISOP34O2, CC(=C)C(CO[O])O ," InChI=1S/C5H9O3/c1-4(2)5(6)3-8-7/h5-6H,1,3H2,2H3 ",C5H9O3,43
ME3BU3ECHO, CC(=C)CC=O ," InChI=1S/C5H8O/c1-5(2)3-4-6/h4H,1,3H2,2H3 ",C5H8O,44
PE4E2CO, CC(=O)CC=C ," InChI=1S/C5H8O/c1-3-4-5(2)6/h3H,1,4H2,2H3 ",C5H8O,45
TISOPA, C/C(=C\[CH2])/CO ," InChI=1S/C5H9O/c1-3-5(2)4-6/h3,6H,1,4H2,2H3 ",C5H9O,46
TISOPC, OC/C=C(\C)/[CH2] ," InChI=1S/C5H9O/c1-5(2)3-4-6/h3,6H,1,4H2,2H3 ",C5H9O,47
CH3OCHO, COC=O ," InChI=1S/C2H4O2/c1-4-2-3/h2H,1H3 ",C2H4O2,48
CHOOCH2O2, [O]OCOC=O ," InChI=1S/C2H3O4/c3-1-5-2-6-4/h1H,2H2 ",C2H3O4,49
METHACET, COC(=O)C , InChI=1S/C3H6O2/c1-3(4)5-2/h1-2H3 ,C3H6O2,50
METHACETO2, CC(=O)OCO[O] ," InChI=1S/C3H5O4/c1-3(4)6-2-7-5/h2H2,1H3 ",C3H5O4,51
MOCOCH2O2, [O]OCC(=O)OC ," InChI=1S/C3H5O4/c1-6-3(4)2-7-5/h2H2,1H3 ",C3H5O4,52
CH3OCH3, COC , InChI=1S/C2H6O/c1-3-2/h1-2H3 ,C2H6O,53
CH3OCH2O2, COCO[O] ," InChI=1S/C2H5O3/c1-4-2-5-3/h2H2,1H3 ",C2H5O3,54
CH3BR, CBr , InChI=1S/CH3Br/c1-2/h1H3 ,CH3Br,55
CH2BRO2, [O]OCBr , InChI=1S/CH2BrO2/c2-1-4-3/h1H2 ,CH2BrO2,56
HCOOH, OC=O ," InChI=1S/CH2O2/c2-1-3/h1H,(H,2,3) ",CH2O2,57
DMM, COCOC ," InChI=1S/C3H8O2/c1-4-3-5-2/h3H2,1-2H3 ",C3H8O2,58
DMMAO2, COCOCO[O] ," InChI=1S/C3H7O4/c1-5-2-6-3-7-4/h2-3H2,1H3 ",C3H7O4,59
DMMBO2, COC(OC)O[O] ," InChI=1S/C3H7O4/c1-5-3(6-2)7-4/h3H,1-2H3 ",C3H7O4,60
CH3OOH, COO ," InChI=1S/CH4O2/c1-3-2/h2H,1H3 ",CH4O2,61
CH3NO3, CON(=O)=O , InChI=1S/CH3NO3/c1-5-2(3)4/h1H3 ,CH3NO3,62
CH3O, C[O] , InChI=1S/CH3O/c1-2/h1H3 ,CH3O,63
CH3O2NO2, COON(=O)=O , InChI=1S/CH3NO4/c1-5-6-2(3)4/h1H3 ,CH3NO4,64
CH2CLOOH, OOCCl ," InChI=1S/CH3ClO2/c2-1-4-3/h3H,1H2 ",CH3ClO2,65
CHOCL, ClC=O , InChI=1S/CHClO/c2-1-3/h1H ,CHClO,66
CH2CLO, [O]CCl , InChI=1S/CH2ClO/c2-1-3/h1H2 ,CH2ClO,67
CH2CLOH, OCCl ," InChI=1S/CH3ClO/c2-1-3/h3H,1H2 ",CH3ClO,68
CHCL2OOH, OOC(Cl)Cl ," InChI=1S/CH2Cl2O2/c2-1(3)5-4/h1,4H ",CH2Cl2O2,69
CHCL2O, [O]C(Cl)Cl , InChI=1S/CHCl2O/c2-1(3)4/h1H ,CHCl2O,70
CHCL2OH, OC(Cl)Cl ," InChI=1S/CH2Cl2O/c2-1(3)4/h1,4H ",CH2Cl2O,71
COCL2, ClC(=O)Cl , InChI=1S/CCl2O/c2-1(3)4 ,CCl2O,72
CCL3OOH, OOC(Cl)(Cl)Cl ," InChI=1S/CHCl3O2/c2-1(3,4)6-5/h5H ",CHCl3O2,73
CCL3O, [O]C(Cl)(Cl)Cl ," InChI=1S/CCl3O/c2-1(3,4)5 ",CCl3O,74
CCL3OH, OC(Cl)(Cl)Cl ," InChI=1S/CHCl3O/c2-1(3,4)5/h5H ",CHCl3O,75
CCL3CH2OOH, OOCC(Cl)(Cl)Cl ," InChI=1S/C2H3Cl3O2/c3-2(4,5)1-7-6/h6H,1H2 ",C2H3Cl3O2,76
CCL3CH2O, [O]CC(Cl)(Cl)Cl ," InChI=1S/C2H2Cl3O/c3-2(4,5)1-6/h1H2 ",C2H2Cl3O,77
CCL3CH2OH, OCC(Cl)(Cl)Cl ," InChI=1S/C2H3Cl3O/c3-2(4,5)1-6/h6H,1H2 ",C2H3Cl3O,78
CCL3CHO, O=CC(Cl)(Cl)Cl ," InChI=1S/C2HCl3O/c3-2(4,5)1-6/h1H ",C2HCl3O,79
NISOPOOH, OOCC=C(C)CON(=O)=O ," InChI=1S/C5H9NO5/c1-5(2-3-11-9)4-10-6(7)8/h2,9H,3-4H2,1H3 ",C5H9NO5,80
NISOPNO3, CC(=CCON(=O)=O)CON(=O)=O ," InChI=1S/C5H8N2O6/c1-5(4-13-7(10)11)2-3-12-6(8)9/h2H,3-4H2,1H3 ",C5H8N2O6,81
NISOPO, [O]CC=C(C)CON(=O)=O ," InChI=1S/C5H8NO4/c1-5(2-3-7)4-10-6(8)9/h2H,3-4H2,1H3 ",C5H8NO4,82
ISOPCNO3, OCC=C(C)CON(=O)=O ," InChI=1S/C5H9NO4/c1-5(2-3-7)4-10-6(8)9/h2,7H,3-4H2,1H3 ",C5H9NO4,83
NC4CHO, O=CC=C(C)CON(=O)=O ," InChI=1S/C5H7NO4/c1-5(2-3-7)4-10-6(8)9/h2-3H,4H2,1H3 ",C5H7NO4,84
CH2OO, [O-][O+]=C , InChI=1S/CH2O2/c1-3-2/h1H2 ,CH2O2,85
CH3C2H2O2, CC(=C)O[O] ," InChI=1S/C3H5O2/c1-3(2)5-4/h1H2,2H3 ",C3H5O2,86
MACO3, CC(=C)C(=O)O[O] ," InChI=1S/C4H5O3/c1-3(2)4(5)7-6/h1H2,2H3 ",C4H5O3,87
MGLYOOB, [O-][O+]=C(C)C=O ," InChI=1S/C3H4O3/c1-3(2-4)6-5/h2H,1H3 ",C3H4O3,88
MGLYOX, O=CC(=O)C ," InChI=1S/C3H4O2/c1-3(5)2-4/h2H,1H3 ",C3H4O2,89
CH2OOG, [O-][O+]=C , InChI=1S/CH2O2/c1-3-2/h1H2 ,CH2O2,90
MACRO2, OCC(C)(O[O])C=O ," InChI=1S/C4H7O4/c1-4(2-5,3-6)8-7/h2,6H,3H2,1H3 ",C4H7O4,91
MACROHO2, CC(O)(CO[O])C=O ," InChI=1S/C4H7O4/c1-4(6,2-5)3-8-7/h2,6H,3H2,1H3 ",C4H7O4,92
C3H6, CC=C ," InChI=1S/C3H6/c1-3-2/h3H,1H2,2H3 ",C3H6,93
CH3CO3, CC(=O)O[O] , InChI=1S/C2H3O3/c1-2(3)5-4/h1H3 ,C2H3O3,94
MGLOOA, [O-][O+]=CC(=O)C ," InChI=1S/C3H4O3/c1-3(4)2-6-5/h2H,1H3 ",C3H4O3,95
CH2OOB, [O-][O+]=C , InChI=1S/CH2O2/c1-3-2/h1H2 ,CH2O2,96
HMVKAO2, CC(=O)C(O)CO[O] ," InChI=1S/C4H7O4/c1-3(5)4(6)2-8-7/h4,6H,2H2,1H3 ",C4H7O4,97
HMVKBO2, OCC(O[O])C(=O)C ," InChI=1S/C4H7O4/c1-3(6)4(2-5)8-7/h4-5H,2H2,1H3 ",C4H7O4,98
MACROO, [O-][O+]=CC(=C)C ," InChI=1S/C4H6O2/c1-4(2)3-6-5/h3H,1H2,2H3 ",C4H6O2,99
MVKOO, [O-][O+]=C(C)C=C ," InChI=1S/C4H6O2/c1-3-4(2)6-5/h3H,1H2,2H3 ",C4H6O2,100
MVKO2, [O]OCC(=O)C=C ," InChI=1S/C4H5O3/c1-2-4(5)3-7-6/h2H,1,3H2 ",C4H5O3,101
CISOPAO2, [O]OC/C=C(\CO)/C ," InChI=1S/C5H9O3/c1-5(4-6)2-3-8-7/h2,6H,3-4H2,1H3/b5-2- ",C5H9O3,102
ISOPBO2, OCC(C)(O[O])C=C ," InChI=1S/C5H9O3/c1-3-5(2,4-6)8-7/h3,6H,1,4H2,2H3 ",C5H9O3,103
CISOPCO2, [O]OC/C(=C\CO)/C ," InChI=1S/C5H9O3/c1-5(2-3-6)4-8-7/h2,6H,3-4H2,1H3/b5-2- ",C5H9O3,104
ISOPDO2, OCC(O[O])C(=C)C ," InChI=1S/C5H9O3/c1-4(2)5(3-6)8-7/h5-6H,1,3H2,2H3 ",C5H9O3,105
ISOP34OOH, CC(=C)C(COO)O ," InChI=1S/C5H10O3/c1-4(2)5(6)3-8-7/h5-7H,1,3H2,2H3 ",C5H10O3,106
ISOP34NO3, [O-][N+](=O)OCC(C(=C)C)O ," InChI=1S/C5H9NO4/c1-4(2)5(7)3-10-6(8)9/h5,7H,1,3H2,2H3 ",C5H9NO4,107
ISOP34O, CC(=C)C(C[O])O ," InChI=1S/C5H9O2/c1-4(2)5(7)3-6/h5,7H,1,3H2,2H3 ",C5H9O2,108
HC4CHO, CC(=C)C(C=O)O ," InChI=1S/C5H8O2/c1-4(2)5(7)3-6/h3,5,7H,1H2,2H3 ",C5H8O2,109
ISOPDOH, CC(=C)C(O)CO ," InChI=1S/C5H10O2/c1-4(2)5(7)3-6/h5-7H,1,3H2,2H3 ",C5H10O2,110
NC526O2, O=CCC(CO[N+](=O)[O-])(O[O])C ," InChI=1S/C5H8NO6/c1-5(12-10,2-3-7)4-11-6(8)9/h3H,2,4H2,1H3 ",C5H8NO6,111
CH2OOC, [O-][O+]=C , InChI=1S/CH2O2/c1-3-2/h1H2 ,CH2O2,112
CO2C3CHO, O=CCC(=O)C ," InChI=1S/C4H6O2/c1-4(6)2-3-5/h3H,2H2,1H3 ",C4H6O2,113
CO2C3OOB, [O-][O+]=C(CC=O)C ," InChI=1S/C4H6O3/c1-4(7-6)2-3-5/h3H,2H2,1H3 ",C4H6O3,114
C530O2, O=CCC(O[O])(CO)C ," InChI=1S/C5H9O4/c1-5(4-7,9-8)2-3-6/h3,7H,2,4H2,1H3 ",C5H9O4,115
M3BU3ECO3, CC(=C)CC(=O)O[O] ," InChI=1S/C5H7O3/c1-4(2)3-5(6)8-7/h1,3H2,2H3 ",C5H7O3,116
C45O2, CC(=C)CO[O] ," InChI=1S/C4H7O2/c1-4(2)3-6-5/h1,3H2,2H3 ",C4H7O2,117
NC51O2, [O]OC(CC(=O)C)CO[N+](=O)[O-] ," InChI=1S/C5H8NO6/c1-4(7)2-5(12-10)3-11-6(8)9/h5H,2-3H2,1H3 ",C5H8NO6,118
CO2C3OOA, [O-][O+]=CCC(=O)C ," InChI=1S/C4H6O3/c1-4(5)2-3-7-6/h3H,2H2,1H3 ",C4H6O3,119
C51O2, OCC(O[O])CC(=O)C ," InChI=1S/C5H9O4/c1-4(7)2-5(3-6)9-8/h5-6H,2-3H2,1H3 ",C5H9O4,120
CH2CHCH2O2, [O]OCC=C ," InChI=1S/C3H5O2/c1-2-3-5-4/h2H,1,3H2 ",C3H5O2,121
ISOPAO2, [O]OC/C=C(/CO)C ," InChI=1S/C5H9O3/c1-5(4-6)2-3-8-7/h2,6H,3-4H2,1H3/b5-2+ ",C5H9O3,122
ISOPCO2, [O]OC/C(=C/CO)/C ," InChI=1S/C5H9O3/c1-5(2-3-6)4-8-7/h2,6H,3-4H2,1H3/b5-2+ ",C5H9O3,123
CHOOCH2OOH, OOCOC=O ," InChI=1S/C2H4O4/c3-1-5-2-6-4/h1,4H,2H2 ",C2H4O4,124
CHOOCH2NO3, O=COCON(=O)=O ," InChI=1S/C2H3NO5/c4-1-7-2-8-3(5)6/h1H,2H2 ",C2H3NO5,125
CHOOCH2O, [O]COC=O ," InChI=1S/C2H3O3/c3-1-5-2-4/h1H,2H2 ",C2H3O3,126
CHOOCH2OH, OCOC=O ," InChI=1S/C2H4O3/c3-1-5-2-4/h1,4H,2H2 ",C2H4O3,127
CHOOCHO, O=COC=O , InChI=1S/C2H2O3/c3-1-5-2-4/h1-2H ,C2H2O3,128
METACETHO, O=COC(=O)C ," InChI=1S/C3H4O3/c1-3(5)6-2-4/h2H,1H3 ",C3H4O3,129
METACETO2H, CC(=O)OCOO ," InChI=1S/C3H6O4/c1-3(4)6-2-7-5/h5H,2H2,1H3 ",C3H6O4,130
METACETNO3, CC(=O)OCON(=O)=O ," InChI=1S/C3H5NO5/c1-3(5)8-2-9-4(6)7/h2H2,1H3 ",C3H5NO5,131
METHACETO, CC(=O)OC[O] ," InChI=1S/C3H5O3/c1-3(5)6-2-4/h2H2,1H3 ",C3H5O3,132
METACETOH, CC(=O)OCO ," InChI=1S/C3H6O3/c1-3(5)6-2-4/h4H,2H2,1H3 ",C3H6O3,133
MOCOCH2OOH, OOCC(=O)OC ," InChI=1S/C3H6O4/c1-6-3(4)2-7-5/h5H,2H2,1H3 ",C3H6O4,134
MOCOCH2O, COC(=O)C[O] ," InChI=1S/C3H5O3/c1-6-3(5)2-4/h2H2,1H3 ",C3H5O3,135
MOXCOCH2OH, COC(=O)CO ," InChI=1S/C3H6O3/c1-6-3(5)2-4/h4H,2H2,1H3 ",C3H6O3,136
MOXYCOCHO, COC(=O)C=O ," InChI=1S/C3H4O3/c1-6-3(5)2-4/h2H,1H3 ",C3H4O3,137
CH3OCH2OOH, COCOO ," InChI=1S/C2H6O3/c1-4-2-5-3/h3H,2H2,1H3 ",C2H6O3,138
CH3OCH2NO3, COCON(=O)=O ," InChI=1S/C2H5NO4/c1-6-2-7-3(4)5/h2H2,1H3 ",C2H5NO4,139
CH3OCH2O, COC[O] ," InChI=1S/C2H5O2/c1-4-2-3/h2H2,1H3 ",C2H5O2,140
CH3OCH2OH, COCO ," InChI=1S/C2H6O2/c1-4-2-3/h3H,2H2,1H3 ",C2H6O2,141
CH2BROOH, OOCBr ," InChI=1S/CH3BrO2/c2-1-4-3/h3H,1H2 ",CH3BrO2,142
CH2BRO, [O]CBr , InChI=1S/CH2BrO/c2-1-3/h1H2 ,CH2BrO,143
CH2BROH, OCBr ," InChI=1S/CH3BrO/c2-1-3/h3H,1H2 ",CH3BrO,144
CHOBR, BrC=O , InChI=1S/CHBrO/c2-1-3/h1H ,CHBrO,145
DMMAOOH, COCOCOO ," InChI=1S/C3H8O4/c1-5-2-6-3-7-4/h4H,2-3H2,1H3 ",C3H8O4,146
DMMANO3, COCOCON(=O)=O ," InChI=1S/C3H7NO5/c1-7-2-8-3-9-4(5)6/h2-3H2,1H3 ",C3H7NO5,147
DMMAO, COCOC[O] ," InChI=1S/C3H7O3/c1-5-3-6-2-4/h2-3H2,1H3 ",C3H7O3,148
DMMAOH, COCOCO ," InChI=1S/C3H8O3/c1-5-3-6-2-4/h4H,2-3H2,1H3 ",C3H8O3,149
MMF, COCOC=O ," InChI=1S/C3H6O3/c1-5-3-6-2-4/h2H,3H2,1H3 ",C3H6O3,150
DMMBOOH, COC(OC)OO ," InChI=1S/C3H8O4/c1-5-3(6-2)7-4/h3-4H,1-2H3 ",C3H8O4,151
DMMBNO3, COC(OC)ON(=O)=O ," InChI=1S/C3H7NO5/c1-7-3(8-2)9-4(5)6/h3H,1-2H3 ",C3H7NO5,152
DMMBO, COC([O])OC ," InChI=1S/C3H7O3/c1-5-3(4)6-2/h3H,1-2H3 ",C3H7O3,153
DMC, COC(=O)OC , InChI=1S/C3H6O3/c1-5-3(4)6-2/h1-2H3 ,C3H6O3,154
DMMBOH, COC(O)OC ," InChI=1S/C3H8O3/c1-5-3(4)6-2/h3-4H,1-2H3 ",C3H8O3,155
CCL3CO3, [O]OC(=O)C(Cl)(Cl)Cl ," InChI=1S/C2Cl3O3/c3-2(4,5)1(6)8-7 ",C2Cl3O3,156
CISOPCO, OC/C=C(\C[O])/C ," InChI=1S/C5H9O2/c1-5(4-7)2-3-6/h2,6H,3-4H2,1H3/b5-2- ",C5H9O2,157
GAOOB, [O-][O+]=CCO ," InChI=1S/C2H4O3/c3-1-2-5-4/h2-3H,1H2 ",C2H4O3,158
NOA, CC(=O)CON(=O)=O ," InChI=1S/C3H5NO4/c1-3(5)2-8-4(6)7/h2H2,1H3 ",C3H5NO4,159
HOCH2CHO, OCC=O ," InChI=1S/C2H4O2/c3-1-2-4/h1,4H,2H2 ",C2H4O2,160
NC3OOA, [O-][O+]=C(C)CON(=O)=O ," InChI=1S/C3H5NO5/c1-3(9-7)2-8-4(5)6/h2H2,1H3 ",C3H5NO5,161
INCO2, OCC(O[O])C(C)(O)CON(=O)=O ," InChI=1S/C5H10NO7/c1-5(8,3-12-6(9)10)4(2-7)13-11/h4,7-8H,2-3H2,1H3 ",C5H10NO7,162
ACETOL, CC(=O)CO ," InChI=1S/C3H6O2/c1-3(5)2-4/h4H,2H2,1H3 ",C3H6O2,163
HMAC, OC=C(C=O)C ," InChI=1S/C4H6O2/c1-4(2-5)3-6/h2-3,5H,1H3 ",C4H6O2,164
NC4CO3, [O]OC(=O)C=C(C)CON(=O)=O ," InChI=1S/C5H6NO6/c1-4(2-5(7)12-10)3-11-6(8)9/h2H,3H2,1H3 ",C5H6NO6,165
GLYOOC, [O-][O+]=CC=O , InChI=1S/C2H2O3/c3-1-2-5-4/h1-2H ,C2H2O3,166
NOAOOA, [O-][O+]=C(C)CON(=O)=O ," InChI=1S/C3H5NO5/c1-3(9-7)2-8-4(5)6/h2H2,1H3 ",C3H5NO5,167
GLYOX, O=CC=O , InChI=1S/C2H2O2/c3-1-2-4/h1-2H ,C2H2O2,168
C510O2, O=CC(O)C(C)(O[O])CON(=O)=O ," InChI=1S/C5H8NO7/c1-5(13-11,4(8)2-7)3-12-6(9)10/h2,4,8H,3H2,1H3 ",C5H8NO7,169
MACO2H, CC(=C)C(=O)O ," InChI=1S/C4H6O2/c1-3(2)4(5)6/h1H2,2H3,(H,5,6) ",C4H6O2,170
MACO3H, CC(=C)C(=O)OO ," InChI=1S/C4H6O3/c1-3(2)4(5)7-6/h6H,1H2,2H3 ",C4H6O3,171
MPAN, O=N(=O)OOC(=O)C(=C)C ," InChI=1S/C4H5NO5/c1-3(2)4(6)9-10-5(7)8/h1H2,2H3 ",C4H5NO5,172
MGLYOO, [O-][O+]=C(C)C=O ," InChI=1S/C3H4O3/c1-3(2-4)6-5/h2H,1H3 ",C3H4O3,173
MACROOH, OCC(C)(OO)C=O ," InChI=1S/C4H8O4/c1-4(2-5,3-6)8-7/h2,6-7H,3H2,1H3 ",C4H8O4,174
MACRNO3, OCC(C)(C=O)ON(=O)=O ," InChI=1S/C4H7NO5/c1-4(2-6,3-7)10-5(8)9/h2,7H,3H2,1H3 ",C4H7NO5,175
MACRO, CC([O])(CO)C=O ," InChI=1S/C4H7O3/c1-4(7,2-5)3-6/h2,6H,3H2,1H3 ",C4H7O3,176
MACROH, CC(O)(CO)C=O ," InChI=1S/C4H8O3/c1-4(7,2-5)3-6/h2,6-7H,3H2,1H3 ",C4H8O3,177
MACROHOOH, CC(O)(COO)C=O ," InChI=1S/C4H8O4/c1-4(6,2-5)3-8-7/h2,6-7H,3H2,1H3 ",C4H8O4,178
MACRNB, O=CC(C)(O)CON(=O)=O ," InChI=1S/C4H7NO5/c1-4(7,2-6)3-10-5(8)9/h2,7H,3H2,1H3 ",C4H7NO5,179
MACROHO, CC(O)(C[O])C=O ," InChI=1S/C4H7O3/c1-4(7,2-5)3-6/h2,7H,3H2,1H3 ",C4H7O3,180
C3MDIALOH, O=CC(C)(O)C=O ," InChI=1S/C4H6O3/c1-4(7,2-5)3-6/h2-3,7H,1H3 ",C4H6O3,181
PRONO3AO2, [O]OCC(C)ON(=O)=O ," InChI=1S/C3H6NO5/c1-3(2-8-7)9-4(5)6/h3H,2H2,1H3 ",C3H6NO5,182
PRONO3BO2, [O]OC(C)CON(=O)=O ," InChI=1S/C3H6NO5/c1-3(9-7)2-8-4(5)6/h3H,2H2,1H3 ",C3H6NO5,183
CH3CHO, CC=O ," InChI=1S/C2H4O/c1-2-3/h2H,1H3 ",C2H4O,184
CH3CHOOA, [O-][O+]=CC ," InChI=1S/C2H4O2/c1-2-4-3/h2H,1H3 ",C2H4O2,185
HYPROPO2, OCC(C)O[O] ," InChI=1S/C3H7O3/c1-3(2-4)6-5/h3-4H,2H2,1H3 ",C3H7O3,186
IPROPOLO2, [O]OCC(C)O ," InChI=1S/C3H7O3/c1-3(4)2-6-5/h3-4H,2H2,1H3 ",C3H7O3,187
CH3CO2H, CC(=O)O ," InChI=1S/C2H4O2/c1-2(3)4/h1H3,(H,3,4) ",C2H4O2,188
CH3CO3H, CC(=O)OO ," InChI=1S/C2H4O3/c1-2(3)5-4/h4H,1H3 ",C2H4O3,189
PAN, CC(=O)OON(=O)=O , InChI=1S/C2H3NO5/c1-2(4)7-8-3(5)6/h1H3 ,C2H3NO5,190
MGLOO, [O-][O+]=CC(=O)C ," InChI=1S/C3H4O3/c1-3(4)2-6-5/h2H,1H3 ",C3H4O3,191
HMVKAOOH, CC(=O)C(O)COO ," InChI=1S/C4H8O4/c1-3(5)4(6)2-8-7/h4,6-7H,2H2,1H3 ",C4H8O4,192
HMVKANO3, O=N(=O)OCC(O)C(=O)C ," InChI=1S/C4H7NO5/c1-3(6)4(7)2-10-5(8)9/h4,7H,2H2,1H3 ",C4H7NO5,193
HMVKAO, CC(=O)C(O)C[O] ," InChI=1S/C4H7O3/c1-3(6)4(7)2-5/h4,7H,2H2,1H3 ",C4H7O3,194
CO2H3CHO, O=CC(O)C(=O)C ," InChI=1S/C4H6O3/c1-3(6)4(7)2-5/h2,4,7H,1H3 ",C4H6O3,195
HO12CO3C4, CC(=O)C(O)CO ," InChI=1S/C4H8O3/c1-3(6)4(7)2-5/h4-5,7H,2H2,1H3 ",C4H8O3,196
MVKNO3, OCC(ON(=O)=O)C(=O)C ," InChI=1S/C4H7NO5/c1-3(7)4(2-6)10-5(8)9/h4,6H,2H2,1H3 ",C4H7NO5,197
HMVKBOOH, OCC(OO)C(=O)C ," InChI=1S/C4H8O4/c1-3(6)4(2-5)8-7/h4-5,7H,2H2,1H3 ",C4H8O4,198
HMVKBO, CC(=O)C([O])CO ," InChI=1S/C4H7O3/c1-3(6)4(7)2-5/h4-5H,2H2,1H3 ",C4H7O3,199
BIACETOH, CC(=O)C(=O)CO ," InChI=1S/C4H6O3/c1-3(6)4(7)2-5/h5H,2H2,1H3 ",C4H6O3,200
MVKOOH, OOCC(=O)C=C ," InChI=1S/C4H6O3/c1-2-4(5)3-7-6/h2,6H,1,3H2 ",C4H6O3,201
MVKO, [O]CC(=O)C=C ," InChI=1S/C4H5O2/c1-2-4(6)3-5/h2H,1,3H2 ",C4H5O2,202
MVKOH, OCC(=O)C=C ," InChI=1S/C4H6O2/c1-2-4(6)3-5/h2,5H,1,3H2 ",C4H6O2,203
VGLYOX, C=CC(=O)C=O ," InChI=1S/C4H4O2/c1-2-4(6)3-5/h2-3H,1H2 ",C4H4O2,204
ISOPAOOH, OOCC=C(C)CO ," InChI=1S/C5H10O3/c1-5(4-6)2-3-8-7/h2,6-7H,3-4H2,1H3 ",C5H10O3,205
CISOPAO, [O]C/C=C(\CO)/C ," InChI=1S/C5H9O2/c1-5(4-7)2-3-6/h2,7H,3-4H2,1H3/b5-2- ",C5H9O2,206
ISOPANO3, OCC(=CCON(=O)=O)C ," InChI=1S/C5H9NO4/c1-5(4-7)2-3-10-6(8)9/h2,7H,3-4H2,1H3 ",C5H9NO4,207
C536O2, OOCC(C(C=O)(O[O])C)OO ," InChI=1S/C5H9O7/c1-5(3-6,12-9)4(11-8)2-10-7/h3-4,7-8H,2H2,1H3 ",C5H9O7,208
C5HPALD1, C/C(=C/COO)/C=O ," InChI=1S/C5H8O3/c1-5(4-6)2-3-8-7/h2,4,7H,3H2,1H3/b5-2- ",C5H8O3,209
HC4ACHO, CC(=CC=O)CO ," InChI=1S/C5H8O2/c1-5(4-7)2-3-6/h2-3,7H,4H2,1H3 ",C5H8O2,210
ISOPAOH, OCC=C(C)CO ," InChI=1S/C5H10O2/c1-5(4-7)2-3-6/h2,6-7H,3-4H2,1H3 ",C5H10O2,211
ISOPBOOH, OCC(C)(OO)C=C ," InChI=1S/C5H10O3/c1-3-5(2,4-6)8-7/h3,6-7H,1,4H2,2H3 ",C5H10O3,212
ISOPBNO3, OCC(C)(C=C)ON(=O)=O ," InChI=1S/C5H9NO4/c1-3-5(2,4-7)10-6(8)9/h3,7H,1,4H2,2H3 ",C5H9NO4,213
ISOPBO, CC([O])(CO)C=C ," InChI=1S/C5H9O2/c1-3-5(2,7)4-6/h3,6H,1,4H2,2H3 ",C5H9O2,214
ISOPBOH, CC(O)(CO)C=C ," InChI=1S/C5H10O2/c1-3-5(2,7)4-6/h3,6-7H,1,4H2,2H3 ",C5H10O2,215
ISOPCOOH, OOCC(=CCO)C ," InChI=1S/C5H10O3/c1-5(2-3-6)4-8-7/h2,6-7H,3-4H2,1H3 ",C5H10O3,216
C537O2, OOCC(C(C=O)O[O])(OO)C ," InChI=1S/C5H9O7/c1-5(12-9,3-10-7)4(2-6)11-8/h2,4,7,9H,3H2,1H3 ",C5H9O7,217
C5HPALD2, C/C(=C/C=O)/COO ," InChI=1S/C5H8O3/c1-5(2-3-6)4-8-7/h2-3,7H,4H2,1H3/b5-2- ",C5H8O3,218
HC4CCHO, CC(=CCO)C=O ," InChI=1S/C5H8O2/c1-5(4-7)2-3-6/h2,4,6H,3H2,1H3 ",C5H8O2,219
ISOPDOOH, OCC(OO)C(=C)C ," InChI=1S/C5H10O3/c1-4(2)5(3-6)8-7/h5-7H,1,3H2,2H3 ",C5H10O3,220
ISOPDNO3, OCC(ON(=O)=O)C(=C)C ," InChI=1S/C5H9NO4/c1-4(2)5(3-7)10-6(8)9/h5,7H,1,3H2,2H3 ",C5H9NO4,221
ISOPDO, CC(=C)C([O])CO ," InChI=1S/C5H9O2/c1-4(2)5(7)3-6/h5-6H,1,3H2,2H3 ",C5H9O2,222
HCOC5, CC(=C)C(=O)CO ," InChI=1S/C5H8O2/c1-4(2)5(7)3-6/h6H,1,3H2,2H3 ",C5H8O2,223
INAO2, OCC(C)(O[O])C(O)CON(=O)=O ," InChI=1S/C5H10NO7/c1-5(3-7,13-11)4(8)2-12-6(9)10/h4,7-8H,2-3H2,1H3 ",C5H10NO7,224
NC41OOA, OC(C(=[O+][O-])C)CON(=O)=O ," InChI=1S/C4H7NO6/c1-3(11-9)4(6)2-10-5(7)8/h4,6H,2H2,1H3 ",C4H7NO6,225
C58O2, O=CC(O)C(C)(CO)O[O] ," InChI=1S/C5H9O5/c1-5(3-7,10-9)4(8)2-6/h2,4,7-8H,3H2,1H3 ",C5H9O5,226
HC4CO3, CC(=C)C(C(=O)O[O])O ," InChI=1S/C5H7O4/c1-3(2)4(6)5(7)9-8/h4,6H,1H2,2H3 ",C5H7O4,227
NC526OOH, O=CCC(CO[N+](=O)[O-])(OO)C ," InChI=1S/C5H9NO6/c1-5(12-10,2-3-7)4-11-6(8)9/h3,10H,2,4H2,1H3 ",C5H9NO6,228
NC526O, O=CCC(CO[N+](=O)[O-])([O])C ," InChI=1S/C5H8NO5/c1-5(8,2-3-7)4-11-6(9)10/h3H,2,4H2,1H3 ",C5H8NO5,229
CO2C3CO3, CC(=O)CC(=O)O[O] ," InChI=1S/C4H5O4/c1-3(5)2-4(6)8-7/h2H2,1H3 ",C4H5O4,230
CH3COCH2O2, CC(=O)CO[O] ," InChI=1S/C3H5O3/c1-3(4)2-6-5/h2H2,1H3 ",C3H5O3,231
C4CO2O2, [O]OC(C=O)C(=O)C ," InChI=1S/C4H5O4/c1-3(6)4(2-5)8-7/h2,4H,1H3 ",C4H5O4,232
CO2C3OO, [O-][O+]=CCC(=O)C ," InChI=1S/C4H6O3/c1-4(5)2-3-7-6/h3H,2H2,1H3 ",C4H6O3,233
C530OOH, O=CCC(OO)(CO)C ," InChI=1S/C5H10O4/c1-5(4-7,9-8)2-3-6/h3,7-8H,2,4H2,1H3 ",C5H10O4,234
C530NO3, O=CCC(O[N+](=O)[O-])(CO)C ," InChI=1S/C5H9NO5/c1-5(4-8,2-3-7)11-6(9)10/h3,8H,2,4H2,1H3 ",C5H9NO5,235
C530O, CC(CO)(CC=O)[O] ," InChI=1S/C5H9O3/c1-5(8,4-7)2-3-6/h3,7H,2,4H2,1H3 ",C5H9O3,236
M3BU3ECO3H, CC(=C)CC(=O)OO ," InChI=1S/C5H8O3/c1-4(2)3-5(6)8-7/h7H,1,3H2,2H3 ",C5H8O3,237
M3BU3EPAN, [O-][N+](=O)OOC(=O)CC(=C)C ," InChI=1S/C5H7NO5/c1-4(2)3-5(7)10-11-6(8)9/h1,3H2,2H3 ",C5H7NO5,238
C45OOH, CC(=C)COO ," InChI=1S/C4H8O2/c1-4(2)3-6-5/h5H,1,3H2,2H3 ",C4H8O2,239
C45NO3, [O-][N+](=O)OCC(=C)C ," InChI=1S/C4H7NO3/c1-4(2)3-8-5(6)7/h1,3H2,2H3 ",C4H7NO3,240
C45O, CC(=C)C[O] ," InChI=1S/C4H7O/c1-4(2)3-5/h1,3H2,2H3 ",C4H7O,241
NC51OOH, OOC(CC(=O)C)CO[N+](=O)[O-] ," InChI=1S/C5H9NO6/c1-4(7)2-5(12-10)3-11-6(8)9/h5,10H,2-3H2,1H3 ",C5H9NO6,242
NC51O, [O]C(CC(=O)C)CO[N+](=O)[O-] ," InChI=1S/C5H8NO5/c1-4(7)2-5(8)3-11-6(9)10/h5H,2-3H2,1H3 ",C5H8NO5,243
CH3COCH3, CC(=O)C , InChI=1S/C3H6O/c1-3(2)4/h1-2H3 ,C3H6O,244
C51OOH, OCC(OO)CC(=O)C ," InChI=1S/C5H10O4/c1-4(7)2-5(3-6)9-8/h5-6,8H,2-3H2,1H3 ",C5H10O4,245
C51NO3, OCC(CC(=O)C)ON(=O)=O ," InChI=1S/C5H9NO5/c1-4(8)2-5(3-7)11-6(9)10/h5,7H,2-3H2,1H3 ",C5H9NO5,246
C51O, CC(=O)CC([O])CO ," InChI=1S/C5H9O3/c1-4(7)2-5(8)3-6/h5-6H,2-3H2,1H3 ",C5H9O3,247
C51OH, CC(=O)CC(O)CO ," InChI=1S/C5H10O3/c1-4(7)2-5(8)3-6/h5-6,8H,2-3H2,1H3 ",C5H10O3,248
HO1CO24C5, CC(=O)CC(=O)CO ," InChI=1S/C5H8O3/c1-4(7)2-5(8)3-6/h6H,2-3H2,1H3 ",C5H8O3,249
CH2CHCH2OOH, OOCC=C ," InChI=1S/C3H6O2/c1-2-3-5-4/h2,4H,1,3H2 ",C3H6O2,250
CH2CHCH2NO3, [O-][N+](=O)OCC=C ," InChI=1S/C3H5NO3/c1-2-3-7-4(5)6/h2H,1,3H2 ",C3H5NO3,251
CH2CHCH2O, [O]CC=C ," InChI=1S/C3H5O/c1-2-3-4/h2H,1,3H2 ",C3H5O,252
ACR, C=CC=O ," InChI=1S/C3H4O/c1-2-3-4/h2-3H,1H2 ",C3H4O,253
ALLYLOH, OCC=C ," InChI=1S/C3H6O/c1-2-3-4/h2,4H,1,3H2 ",C3H6O,254
ISOPAO, [O]C/C=C(/CO)C ," InChI=1S/C5H9O2/c1-5(4-7)2-3-6/h2,7H,3-4H2,1H3/b5-2+ ",C5H9O2,255
CHOCOMOXO2, [O]OCOC(=O)C=O ," InChI=1S/C3H3O5/c4-1-3(5)7-2-8-6/h1H,2H2 ",C3H3O5,256
BR,,,,257
MMFO2, O=COC(OC)O[O] ," InChI=1S/C3H5O5/c1-6-3(8-5)7-2-4/h2-3H,1H3 ",C3H5O5,258
DMCO2, [O]OCOC(=O)OC ," InChI=1S/C3H5O5/c1-6-3(4)7-2-8-5/h2H2,1H3 ",C3H5O5,259
CCL3CO3H, OOC(=O)C(Cl)(Cl)Cl ," InChI=1S/C2HCl3O3/c3-2(4,5)1(6)8-7/h7H ",C2HCl3O3,260
CCL3PAN, O=N(=O)OOC(=O)C(Cl)(Cl)Cl ," InChI=1S/C2Cl3NO5/c3-2(4,5)1(7)10-11-6(8)9 ",C2Cl3NO5,261
C527O2, [O]OC(C(OO)(CO)C)C=O ," InChI=1S/C5H9O6/c1-5(3-7,11-9)4(2-6)10-8/h2,4,7,9H,3H2,1H3 ",C5H9O6,262
M3F, Cc1cocc1 ," InChI=1S/C5H6O/c1-5-2-3-6-4-5/h2-4H,1H3 ",C5H6O,263
GAOO, [O-][O+]=CCO ," InChI=1S/C2H4O3/c3-1-2-5-4/h2-3H,1H2 ",C2H4O3,264
CH3COCH2O, CC(=O)C[O] ," InChI=1S/C3H5O2/c1-3(5)2-4/h2H2,1H3 ",C3H5O2,265
HOCH2CO3, OCC(=O)O[O] ," InChI=1S/C2H3O4/c3-1-2(4)6-5/h3H,1H2 ",C2H3O4,266
NC3OO, [O-][O+]=C(C)CON(=O)=O ," InChI=1S/C3H5NO5/c1-3(9-7)2-8-4(5)6/h2H2,1H3 ",C3H5NO5,267
INCOOH, OCC(OO)C(C)(O)CON(=O)=O ," InChI=1S/C5H11NO7/c1-5(8,3-12-6(9)10)4(2-7)13-11/h4,7-8,11H,2-3H2,1H3 ",C5H11NO7,268
INCNO3, OCC(ON(=O)=O)C(C)(O)CON(=O)=O ," InChI=1S/C5H10N2O8/c1-5(9,3-14-6(10)11)4(2-8)15-7(12)13/h4,8-9H,2-3H2,1H3 ",C5H10N2O8,269
INCO, OCC([O])C(C)(O)CON(=O)=O ," InChI=1S/C5H10NO6/c1-5(9,4(8)2-7)3-12-6(10)11/h4,7,9H,2-3H2,1H3 ",C5H10NO6,270
INCCO, OCC(=O)C(C)(O)CON(=O)=O ," InChI=1S/C5H9NO6/c1-5(9,4(8)2-7)3-12-6(10)11/h7,9H,2-3H2,1H3 ",C5H9NO6,271
INCOH, OCC(O)C(C)(O)CON(=O)=O ," InChI=1S/C5H11NO6/c1-5(9,4(8)2-7)3-12-6(10)11/h4,7-9H,2-3H2,1H3 ",C5H11NO6,272
NC4CO2H, O=N(=O)OCC(=CC(=O)O)C ," InChI=1S/C5H7NO5/c1-4(2-5(7)8)3-11-6(9)10/h2H,3H2,1H3,(H,7,8) ",C5H7NO5,273
NC4CO3H, OOC(=O)C=C(C)CON(=O)=O ," InChI=1S/C5H7NO6/c1-4(2-5(7)12-10)3-11-6(8)9/h2,10H,3H2,1H3 ",C5H7NO6,274
C5PAN18, O=N(=O)OCC(=CC(=O)OON(=O)=O)C ," InChI=1S/C5H6N2O8/c1-4(3-13-6(9)10)2-5(8)14-15-7(11)12/h2H,3H2,1H3 ",C5H6N2O8,275
GLYOO, [O-][O+]=CC=O , InChI=1S/C2H2O3/c3-1-2-5-4/h1-2H ,C2H2O3,276
NOAOO, [O-][O+]=C(C)CON(=O)=O ," InChI=1S/C3H5NO5/c1-3(9-7)2-8-4(5)6/h2H2,1H3 ",C3H5NO5,277
HCOCO, O=[C]C=O , InChI=1S/C2HO2/c3-1-2-4/h1H ,C2HO2,278
C510OOH, O=CC(O)C(C)(OO)CON(=O)=O ," InChI=1S/C5H9NO7/c1-5(13-11,4(8)2-7)3-12-6(9)10/h2,4,8,11H,3H2,1H3 ",C5H9NO7,279
C510O, O=CC(O)C(C)([O])CON(=O)=O ," InChI=1S/C5H8NO6/c1-5(9,4(8)2-7)3-12-6(10)11/h2,4,8H,3H2,1H3 ",C5H8NO6,280
C510OH, O=CC(O)C(C)(O)CON(=O)=O ," InChI=1S/C5H9NO6/c1-5(9,4(8)2-7)3-12-6(10)11/h2,4,8-9H,3H2,1H3 ",C5H9NO6,281
HMML, CC1(CO)OC1=O ," InChI=1S/C4H6O3/c1-4(2-5)3(6)7-4/h5H,2H2,1H3 ",C4H6O3,282
MAE, CC1(CO1)C(=O)O ," InChI=1S/C4H6O3/c1-4(2-7-4)3(5)6/h2H2,1H3,(H,5,6) ",C4H6O3,283
CONM2CHO, O=CC(C)(C=O)ON(=O)=O ," InChI=1S/C4H5NO5/c1-4(2-6,3-7)10-5(8)9/h2-3H,1H3 ",C4H5NO5,284
MACRNCO3, [O]OC(=O)C(C)(CO)ON(=O)=O ," InChI=1S/C4H6NO7/c1-4(2-6,3(7)11-10)12-5(8)9/h6H,2H2,1H3 ",C4H6NO7,285
IBUTALOH, O=CC(C)(C)O ," InChI=1S/C4H8O2/c1-4(2,6)3-5/h3,6H,1-2H3 ",C4H8O2,286
MACRNBCO3, [O]OC(=O)C(C)(O)CON(=O)=O ," InChI=1S/C4H6NO7/c1-4(7,3(6)12-10)2-11-5(8)9/h7H,2H2,1H3 ",C4H6NO7,287
CHOMOHCO3, CC(O)(C=O)C(=O)O[O] ," InChI=1S/C4H5O5/c1-4(7,2-5)3(6)9-8/h2,7H,1H3 ",C4H5O5,288
PR1O2HNO3, OOCC(C)ON(=O)=O ," InChI=1S/C3H7NO5/c1-3(2-8-7)9-4(5)6/h3,7H,2H2,1H3 ",C3H7NO5,289
PRONO3AO, [O]CC(C)ON(=O)=O ," InChI=1S/C3H6NO4/c1-3(2-5)8-4(6)7/h3H,2H2,1H3 ",C3H6NO4,290
CHOPRNO3, O=CC(C)ON(=O)=O ," InChI=1S/C3H5NO4/c1-3(2-5)8-4(6)7/h2-3H,1H3 ",C3H5NO4,291
PROPOLNO3, OCC(C)ON(=O)=O ," InChI=1S/C3H7NO4/c1-3(2-5)8-4(6)7/h3,5H,2H2,1H3 ",C3H7NO4,292
PR2O2HNO3, OOC(C)CON(=O)=O ," InChI=1S/C3H7NO5/c1-3(9-7)2-8-4(5)6/h3,7H,2H2,1H3 ",C3H7NO5,293
PRONO3BO, CC([O])CON(=O)=O ," InChI=1S/C3H6NO4/c1-3(5)2-8-4(6)7/h3H,2H2,1H3 ",C3H6NO4,294
PROLNO3, CC(O)CON(=O)=O ," InChI=1S/C3H7NO4/c1-3(5)2-8-4(6)7/h3,5H,2H2,1H3 ",C3H7NO4,295
HCOCH2O2, [O]OCC=O ," InChI=1S/C2H3O3/c3-1-2-5-4/h1H,2H2 ",C2H3O3,296
CH3CHOO, [O-][O+]=CC ," InChI=1S/C2H4O2/c1-2-4-3/h2H,1H3 ",C2H4O2,297
HYPROPO2H, OCC(C)OO ," InChI=1S/C3H8O3/c1-3(2-4)6-5/h3-5H,2H2,1H3 ",C3H8O3,298
HYPROPO, OCC(C)[O] ," InChI=1S/C3H7O2/c1-3(5)2-4/h3-4H,2H2,1H3 ",C3H7O2,299
PROPGLY, OCC(C)O ," InChI=1S/C3H8O2/c1-3(5)2-4/h3-5H,2H2,1H3 ",C3H8O2,300
IPROPOLO2H, OOCC(C)O ," InChI=1S/C3H8O3/c1-3(4)2-6-5/h3-5H,2H2,1H3 ",C3H8O3,301
IPROPOLO, [O]CC(C)O ," InChI=1S/C3H7O2/c1-3(5)2-4/h3,5H,2H2,1H3 ",C3H7O2,302
CH3CHOHCHO, CC(O)C=O ," InChI=1S/C3H6O2/c1-3(5)2-4/h2-3,5H,1H3 ",C3H6O2,303
CH3COCO2H, OC(=O)C(=O)C ," InChI=1S/C3H4O3/c1-2(4)3(5)6/h1H3,(H,5,6) ",C3H4O3,304
CO2H3CO3, CC(=O)C(O)C(=O)O[O] ," InChI=1S/C4H5O5/c1-2(5)3(6)4(7)9-8/h3,6H,1H3 ",C4H5O5,305
CO2N3CHO, O=CC(ON(=O)=O)C(=O)C ," InChI=1S/C4H5NO5/c1-3(7)4(2-6)10-5(8)9/h2,4H,1H3 ",C4H5NO5,306
CO23C3CHO, O=CC(=O)C(=O)C ," InChI=1S/C4H4O3/c1-3(6)4(7)2-5/h2H,1H3 ",C4H4O3,307
ACO3, [O]OC(=O)C=C ," InChI=1S/C3H3O3/c1-2-3(4)6-5/h2H,1H2 ",C3H3O3,308
HMGLOOA, [O-][O+]=CC(=O)CO ," InChI=1S/C3H4O4/c4-1-3(5)2-7-6/h2,4H,1H2 ",C3H4O4,309
HOCH2COCHO, OCC(=O)C=O ," InChI=1S/C3H4O3/c4-1-3(6)2-5/h1,5H,2H2 ",C3H4O3,310
MVKOHAO2, [O]OCC(O)C(=O)CO ," InChI=1S/C4H7O5/c5-1-3(6)4(7)2-9-8/h4-5,7H,1-2H2 ",C4H7O5,311
MVKOHBO2, OCC(=O)C(CO)O[O] ," InChI=1S/C4H7O5/c5-1-3(7)4(2-6)9-8/h4-6H,1-2H2 ",C4H7O5,312
IEPOXA, CC(O)(CO)C1CO1 ," InChI=1S/C5H10O3/c1-5(7,3-6)4-2-8-4/h4,6-7H,2-3H2,1H3 ",C5H10O3,313
C526O2, OCC(C(C=O)(O[O])C)OO ," InChI=1S/C5H9O6/c1-5(3-7,11-9)4(2-6)10-8/h3-4,6,8H,2H2,1H3 ",C5H9O6,314
NC2OOA, [O-][O+]=CCON(=O)=O ," InChI=1S/C2H3NO5/c4-3(5)7-1-2-8-6/h2H,1H2 ",C2H3NO5,315
ACLOOA, [O-][O+]=C(C)CO ," InChI=1S/C3H6O3/c1-3(2-4)6-5/h4H,2H2,1H3 ",C3H6O3,316
NO3CH2CHO, O=CCON(=O)=O ," InChI=1S/C2H3NO4/c4-1-2-7-3(5)6/h1H,2H2 ",C2H3NO4,317
C536OOH, OOCC(C(C=O)(OO)C)OO ," InChI=1S/C5H10O7/c1-5(3-6,12-9)4(11-8)2-10-7/h3-4,7-9H,2H2,1H3 ",C5H10O7,318
C536O, OOCC(C(C=O)([O])C)OO ," InChI=1S/C5H9O6/c1-5(7,3-6)4(11-9)2-10-8/h3-4,8-9H,2H2,1H3 ",C5H9O6,319
DHPMEK, OOCC(C(=O)C)OO ," InChI=1S/C4H8O5/c1-3(5)4(9-7)2-8-6/h4,6-7H,2H2,1H3 ",C4H8O5,320
C5PACALD1, C/C(=C/C=O)/C(=O)OO ," InChI=1S/C5H6O4/c1-4(2-3-6)5(7)9-8/h2-3,8H,1H3/b4-2- ",C5H6O4,321
MGLYOOA, [O-][O+]=C(C)C=O ," InChI=1S/C3H4O3/c1-3(2-4)6-5/h2H,1H3 ",C3H4O3,322
HCOCH2OOH, OOCC=O ," InChI=1S/C2H4O3/c3-1-2-5-4/h1,4H,2H2 ",C2H4O3,323
PGAOOB, [O-][O+]=CCOO ," InChI=1S/C2H4O4/c3-5-1-2-6-4/h1,4H,2H2 ",C2H4O4,324
C4MALOHOOH, O=CC(O)C(C)(OO)C=O ," InChI=1S/C5H8O5/c1-5(3-7,10-9)4(8)2-6/h2-4,8-9H,1H3 ",C5H8O5,325
C4MDIAL, O=CC=C(C)C=O ," InChI=1S/C5H6O2/c1-5(4-7)2-3-6/h2-4H,1H3 ",C5H6O2,326
HVMK, CC(=O)C=CO ," InChI=1S/C4H6O2/c1-4(6)2-3-5/h2-3,5H,1H3 ",C4H6O2,327
HC4ACO3, OCC(=CC(=O)O[O])C ," InChI=1S/C5H7O4/c1-4(3-6)2-5(7)9-8/h2,6H,3H2,1H3 ",C5H7O4,328
C58AO2, [O]OC(C(CO)(O)C)C=O ," InChI=1S/C5H9O5/c1-5(8,3-7)4(2-6)10-9/h2,4,7-8H,3H2,1H3 ",C5H9O5,329
IEPOXB, OCC1OC1(C)CO ," InChI=1S/C5H10O3/c1-5(3-7)4(2-6)8-5/h4,6-7H,2-3H2,1H3 ",C5H10O3,330
MACRNOOA, [O-][O+]=CC(C)(CO)ON(=O)=O ," InChI=1S/C4H7NO6/c1-4(2-6,3-10-9)11-5(7)8/h3,6H,2H2,1H3 ",C4H7NO6,331
INB1O2, OCC(O[O])C(C)(CO)ON(=O)=O ," InChI=1S/C5H10NO7/c1-5(3-8,13-6(9)10)4(2-7)12-11/h4,7-8H,2-3H2,1H3 ",C5H10NO7,332
INB2O2, [O]OCC(O)C(C)(CO)ON(=O)=O ," InChI=1S/C5H10NO7/c1-5(3-7,13-6(9)10)4(8)2-12-11/h4,7-8H,2-3H2,1H3 ",C5H10NO7,333
IEPOXC, CC1(CO1)C(O)CO ," InChI=1S/C5H10O3/c1-5(3-8-5)4(7)2-6/h4,6-7H,2-3H2,1H3 ",C5H10O3,334
C537OOH, OOCC(C(C=O)OO)(OO)C ," InChI=1S/C5H10O7/c1-5(12-9,3-10-7)4(2-6)11-8/h2,4,7-9H,3H2,1H3 ",C5H10O7,335
C537O, OOCC(C(C=O)[O])(OO)C ," InChI=1S/C5H9O6/c1-5(11-9,3-10-8)4(7)2-6/h2,4,8-9H,3H2,1H3 ",C5H9O6,336
DHPMPAL, OOCC(C=O)(OO)C ," InChI=1S/C4H8O5/c1-4(2-5,9-7)3-8-6/h2,6-7H,3H2,1H3 ",C4H8O5,337
C5PACALD2, OOC(=O)/C=C(\C=O)/C ," InChI=1S/C5H6O4/c1-4(3-6)2-5(7)9-8/h2-3,8H,1H3/b4-2- ",C5H6O4,338
HYPERACET, CC(=O)COO ," InChI=1S/C3H6O3/c1-3(4)2-6-5/h5H,2H2,1H3 ",C3H6O3,339
PACLOOA, [O-][O+]=C(COO)C ," InChI=1S/C3H6O4/c1-3(7-5)2-6-4/h4H,2H2,1H3 ",C3H6O4,340
HPC52O2, OOCC(C(C=O)O)(O[O])C ," InChI=1S/C5H9O6/c1-5(11-9,3-10-8)4(7)2-6/h2,4,7-8H,3H2,1H3 ",C5H9O6,341
HC4CCO3, OCC=C(C)C(=O)O[O] ," InChI=1S/C5H7O4/c1-4(2-3-6)5(7)9-8/h2,6H,3H2,1H3 ",C5H7O4,342
C57AO2, OCC(C(C=O)(O)C)O[O] ," InChI=1S/C5H9O5/c1-5(8,3-7)4(2-6)10-9/h3-4,6,8H,2H2,1H3 ",C5H9O5,343
C57O2, OCC(O)C(C)(O[O])C=O ," InChI=1S/C5H9O5/c1-5(3-7,10-9)4(8)2-6/h3-4,6,8H,2H2,1H3 ",C5H9O5,344
NC4OOA, OCC(ON(=O)=O)C(=[O+][O-])C ," InChI=1S/C4H7NO6/c1-3(11-9)4(2-6)10-5(7)8/h4,6H,2H2,1H3 ",C4H7NO6,345
INDO2, OCC(ON(=O)=O)C(C)(CO)O[O] ," InChI=1S/C5H10NO7/c1-5(3-8,13-11)4(2-7)12-6(9)10/h4,7-8H,2-3H2,1H3 ",C5H10NO7,346
C59O2, OCC(=O)C(C)(CO)O[O] ," InChI=1S/C5H9O5/c1-5(3-7,10-9)4(8)2-6/h6-7H,2-3H2,1H3 ",C5H9O5,347
INAOOH, OCC(C)(OO)C(O)CON(=O)=O ," InChI=1S/C5H11NO7/c1-5(3-7,13-11)4(8)2-12-6(9)10/h4,7-8,11H,2-3H2,1H3 ",C5H11NO7,348
INANO3, OCC(C)(ON(=O)=O)C(O)CON(=O)=O ," InChI=1S/C5H10N2O8/c1-5(3-8,15-7(12)13)4(9)2-14-6(10)11/h4,8-9H,2-3H2,1H3 ",C5H10N2O8,349
INAO, OCC(C)([O])C(O)CON(=O)=O ," InChI=1S/C5H10NO6/c1-5(9,3-7)4(8)2-12-6(10)11/h4,7-8H,2-3H2,1H3 ",C5H10NO6,350
INAOH, OCC(C)(O)C(O)CON(=O)=O ," InChI=1S/C5H11NO6/c1-5(9,3-7)4(8)2-12-6(10)11/h4,7-9H,2-3H2,1H3 ",C5H11NO6,351
CO23C4NO3, O=N(=O)OCC(=O)C(=O)C ," InChI=1S/C4H5NO5/c1-3(6)4(7)2-10-5(8)9/h2H2,1H3 ",C4H5NO5,352
NC41OO, OC(C(=[O+][O-])C)CON(=O)=O ," InChI=1S/C4H7NO6/c1-3(11-9)4(6)2-10-5(7)8/h4,6H,2H2,1H3 ",C4H7NO6,353
C58OOH, O=CC(O)C(C)(CO)OO ," InChI=1S/C5H10O5/c1-5(3-7,10-9)4(8)2-6/h2,4,7-9H,3H2,1H3 ",C5H10O5,354
C58NO3, O=CC(O)C(C)(CO)ON(=O)=O ," InChI=1S/C5H9NO6/c1-5(3-8,4(9)2-7)12-6(10)11/h2,4,8-9H,3H2,1H3 ",C5H9NO6,355
C58O, O=CC(O)C(C)([O])CO ," InChI=1S/C5H9O4/c1-5(9,3-7)4(8)2-6/h2,4,7-8H,3H2,1H3 ",C5H9O4,356
C58OH, O=CC(O)C(C)(O)CO ," InChI=1S/C5H10O4/c1-5(9,3-7)4(8)2-6/h2,4,7-9H,3H2,1H3 ",C5H10O4,357
HC4CO3H, CC(=C)C(C(=O)OO)O ," InChI=1S/C5H8O4/c1-3(2)4(6)5(7)9-8/h4,6,8H,1H2,2H3 ",C5H8O4,358
HC4PAN, [O-][N+](=O)OOC(=O)C(C(=C)C)O ," InChI=1S/C5H7NO6/c1-3(2)4(7)5(8)11-12-6(9)10/h4,7H,1H2,2H3 ",C5H7NO6,359
CO2C3CO3H, CC(=O)CC(=O)OO ," InChI=1S/C4H6O4/c1-3(5)2-4(6)8-7/h7H,2H2,1H3 ",C4H6O4,360
CO2C3PAN, CC(=O)CC(=O)OON(=O)=O ," InChI=1S/C4H5NO6/c1-3(6)2-4(7)10-11-5(8)9/h2H2,1H3 ",C4H5NO6,361
C4CO2OOH, OOC(C=O)C(=O)C ," InChI=1S/C4H6O4/c1-3(6)4(2-5)8-7/h2,4,7H,1H3 ",C4H6O4,362
C4CO2O, O=CC([O])C(=O)C ," InChI=1S/C4H5O3/c1-3(6)4(7)2-5/h2,4H,1H3 ",C4H5O3,363
CO2C3CO2H, CC(=O)CC(=O)O ," InChI=1S/C4H6O3/c1-3(5)2-4(6)7/h2H2,1H3,(H,6,7) ",C4H6O3,364
CO24C4CHO, O=CC(=O)CC(=O)C ," InChI=1S/C5H6O3/c1-4(7)2-5(8)3-6/h3H,2H2,1H3 ",C5H6O3,365
ACRO2, OCC(O[O])C=O ," InChI=1S/C3H5O4/c4-1-3(2-5)7-6/h1,3,5H,2H2 ",C3H5O4,366
OCCOHCO2, OC(CO[O])C=O ," InChI=1S/C3H5O4/c4-1-3(5)2-7-6/h1,3,5H,2H2 ",C3H5O4,367
C2H4, C=C , InChI=1S/C2H4/c1-2/h1-2H2 ,C2H4,368
GLYOOB, [O-][O+]=CC=O , InChI=1S/C2H2O3/c3-1-2-5-4/h1-2H ,C2H2O3,369
C524O2, OCC(=C)C(CO)O[O] ," InChI=1S/C5H9O4/c1-4(2-6)5(3-7)9-8/h5-7H,1-3H2 ",C5H9O4,370
ALCOMOXOOH, OOCOC(=O)C=O ," InChI=1S/C3H4O5/c4-1-3(5)7-2-8-6/h1,6H,2H2 ",C3H4O5,371
CHOCOMOXO, [O]COC(=O)C=O ," InChI=1S/C3H3O4/c4-1-3(6)7-2-5/h1H,2H2 ",C3H3O4,372
MMFOOH, O=COC(OC)OO ," InChI=1S/C3H6O5/c1-6-3(8-5)7-2-4/h2-3,5H,1H3 ",C3H6O5,373
MMFNO3, O=COC(OC)ON(=O)=O ," InChI=1S/C3H5NO6/c1-8-3(9-2-5)10-4(6)7/h2-3H,1H3 ",C3H5NO6,374
MMFO, COC([O])OC=O ," InChI=1S/C3H5O4/c1-6-3(5)7-2-4/h2-3H,1H3 ",C3H5O4,375
MMCF, COC(=O)OC=O ," InChI=1S/C3H4O4/c1-6-3(5)7-2-4/h2H,1H3 ",C3H4O4,376
MMFOH, COC(O)OC=O ," InChI=1S/C3H6O4/c1-6-3(5)7-2-4/h2-3,5H,1H3 ",C3H6O4,377
DMCOOH, OOCOC(=O)OC ," InChI=1S/C3H6O5/c1-6-3(4)7-2-8-5/h5H,2H2,1H3 ",C3H6O5,378
DMCNO3, COC(=O)OCON(=O)=O ," InChI=1S/C3H5NO6/c1-8-3(5)9-2-10-4(6)7/h2H2,1H3 ",C3H5NO6,379
DMCO, COC(=O)OC[O] ," InChI=1S/C3H5O4/c1-6-3(5)7-2-4/h2H2,1H3 ",C3H5O4,380
DMCOH, COC(=O)OCO ," InChI=1S/C3H6O4/c1-6-3(5)7-2-4/h4H,2H2,1H3 ",C3H6O4,381
C527OOH, OOC(C(OO)(CO)C)C=O ," InChI=1S/C5H10O6/c1-5(3-7,11-9)4(2-6)10-8/h2,4,7-9H,3H2,1H3 ",C5H10O6,382
C527NO3, O=CC(C(OO)(CO)C)O[N+](=O)[O-] ," InChI=1S/C5H9NO7/c1-5(3-8,13-11)4(2-7)12-6(9)10/h2,4,8,11H,3H2,1H3 ",C5H9NO7,383
C527O, O=CC(C(OO)(CO)C)[O] ," InChI=1S/C5H9O5/c1-5(3-7,10-9)4(8)2-6/h2,4,7,9H,3H2,1H3 ",C5H9O5,384
M3FOOA, O=COC=CC(=[O+][O-])C ," InChI=1S/C5H6O4/c1-5(9-7)2-3-8-4-6/h2-4H,1H3 ",C5H6O4,385
HOCH2CO2H, OCC(=O)O ," InChI=1S/C2H4O3/c3-1-2(4)5/h3H,1H2,(H,4,5) ",C2H4O3,386
HOCH2CO3H, OCC(=O)OO ," InChI=1S/C2H4O4/c3-1-2(4)6-5/h3,5H,1H2 ",C2H4O4,387
PHAN, OCC(=O)OON(=O)=O ," InChI=1S/C2H3NO6/c4-1-2(5)8-9-3(6)7/h4H,1H2 ",C2H3NO6,388
INCNCHO, O=CC(ON(=O)=O)C(C)(O)CON(=O)=O ," InChI=1S/C5H8N2O8/c1-5(9,3-14-6(10)11)4(2-8)15-7(12)13/h2,4,9H,3H2,1H3 ",C5H8N2O8,389
C59O, OCC(=O)C(C)([O])CO ," InChI=1S/C5H9O4/c1-5(9,3-7)4(8)2-6/h6-7H,2-3H2,1H3 ",C5H9O4,390
INCGLYOX, O=CC(=O)C(C)(O)CON(=O)=O ," InChI=1S/C5H7NO6/c1-5(9,4(8)2-7)3-12-6(10)11/h2,9H,3H2,1H3 ",C5H7NO6,391
HCOCO2H, O=CC(=O)O ," InChI=1S/C2H2O3/c3-1-2(4)5/h1H,(H,4,5) ",C2H2O3,392
HCOCO3, [O]OC(=O)C=O , InChI=1S/C2HO4/c3-1-2(4)6-5/h1H ,C2HO4,393
CONM2CO3, [O]OC(=O)C(C)(C=O)ON(=O)=O ," InChI=1S/C4H4NO7/c1-4(2-6,3(7)11-10)12-5(8)9/h2H,1H3 ",C4H4NO7,394
MACRNCO2H, OCC(C)(ON(=O)=O)C(=O)O ," InChI=1S/C4H7NO6/c1-4(2-6,3(7)8)11-5(9)10/h6H,2H2,1H3,(H,7,8) ",C4H7NO6,395
MACRNCO3H, OOC(=O)C(C)(CO)ON(=O)=O ," InChI=1S/C4H7NO7/c1-4(2-6,3(7)11-10)12-5(8)9/h6,10H,2H2,1H3 ",C4H7NO7,396
MACRNPAN, OCC(C)(ON(=O)=O)C(=O)OON(=O)=O ," InChI=1S/C4H6N2O9/c1-4(2-7,14-5(9)10)3(8)13-15-6(11)12/h7H,2H2,1H3 ",C4H6N2O9,397
IPRHOCO3, [O]OC(=O)C(C)(C)O ," InChI=1S/C4H7O4/c1-4(2,6)3(5)8-7/h6H,1-2H3 ",C4H7O4,398
MACRNBCO2H, O=N(=O)OCC(C)(O)C(=O)O ," InChI=1S/C4H7NO6/c1-4(8,3(6)7)2-11-5(9)10/h8H,2H2,1H3,(H,6,7) ",C4H7NO6,399
MACRNBCO3H, O=N(=O)OCC(C)(O)C(=O)O ," InChI=1S/C4H7NO6/c1-4(8,3(6)7)2-11-5(9)10/h8H,2H2,1H3,(H,6,7) ",C4H7NO6,400
MACRNBPAN, O=N(=O)OOC(=O)C(C)(O)CON(=O)=O ," InChI=1S/C4H6N2O9/c1-4(8,2-13-5(9)10)3(7)14-15-6(11)12/h8H,2H2,1H3 ",C4H6N2O9,401
CHOMOHCO3H, CC(O)(C=O)C(=O)OO ," InChI=1S/C4H6O5/c1-4(7,2-5)3(6)9-8/h2,7-8H,1H3 ",C4H6O5,402
CHOMOHPAN, O=CC(C)(O)C(=O)OON(=O)=O ," InChI=1S/C4H5NO7/c1-4(8,2-6)3(7)11-12-5(9)10/h2,8H,1H3 ",C4H5NO7,403
PRNO3CO3, [O]OC(=O)C(C)ON(=O)=O ," InChI=1S/C3H4NO6/c1-2(3(5)10-8)9-4(6)7/h2H,1H3 ",C3H4NO6,404
PROPALO, CC([O])C=O ," InChI=1S/C3H5O2/c1-3(5)2-4/h2-3H,1H3 ",C3H5O2,405
HCOCH2O, [O]CC=O ," InChI=1S/C2H3O2/c3-1-2-4/h1H,2H2 ",C2H3O2,406
CH3CHOHCO3, [O]OC(=O)C(C)O ," InChI=1S/C3H5O4/c1-2(4)3(5)7-6/h2,4H,1H3 ",C3H5O4,407
CO2H3CO3H, CC(=O)C(O)C(=O)OO ," InChI=1S/C4H6O5/c1-2(5)3(6)4(7)9-8/h3,6,8H,1H3 ",C4H6O5,408
C4PAN6, O=N(=O)OOC(=O)C(O)C(=O)C ," InChI=1S/C4H5NO7/c1-2(6)3(7)4(8)11-12-5(9)10/h3,7H,1H3 ",C4H5NO7,409
CO2N3CO3, [O]OC(=O)C(ON(=O)=O)C(=O)C ," InChI=1S/C4H4NO7/c1-2(6)3(4(7)12-10)11-5(8)9/h3H,1H3 ",C4H4NO7,410
ACO2H, OC(=O)C=C ," InChI=1S/C3H4O2/c1-2-3(4)5/h2H,1H2,(H,4,5) ",C3H4O2,411
ACO3H, OOC(=O)C=C ," InChI=1S/C3H4O3/c1-2-3(4)6-5/h2,5H,1H2 ",C3H4O3,412
ACRPAN, C=CC(=O)OON(=O)=O ," InChI=1S/C3H3NO5/c1-2-3(5)8-9-4(6)7/h2H,1H2 ",C3H3NO5,413
HMGLOO, [O-][O+]=CC(=O)CO ," InChI=1S/C3H4O4/c4-1-3(5)2-7-6/h2,4H,1H2 ",C3H4O4,414
MVKOHAOOH, OOCC(O)C(=O)CO ," InChI=1S/C4H8O5/c5-1-3(6)4(7)2-9-8/h4-5,7-8H,1-2H2 ",C4H8O5,415
MVKOHANO3, OCC(=O)C(O)CON(=O)=O ," InChI=1S/C4H7NO6/c6-1-3(7)4(8)2-11-5(9)10/h4,6,8H,1-2H2 ",C4H7NO6,416
MVKOHAO, OCC(=O)C(O)C[O] ," InChI=1S/C4H7O4/c5-1-3(7)4(8)2-6/h3,6-7H,1-2H2 ",C4H7O4,417
H13CO2CHO, OC(C=O)C(=O)CO ," InChI=1S/C4H6O4/c5-1-3(7)4(8)2-6/h1,3,6-7H,2H2 ",C4H6O4,418
MVKOHAOH, OCC(=O)C(O)CO ," InChI=1S/C4H8O4/c5-1-3(7)4(8)2-6/h3,5-7H,1-2H2 ",C4H8O4,419
MVKOHBOOH, OCC(=O)C(CO)OO ," InChI=1S/C4H8O5/c5-1-3(7)4(2-6)9-8/h4-6,8H,1-2H2 ",C4H8O5,420
MVKOHBO, OCC(=O)C([O])CO ," InChI=1S/C4H7O4/c5-1-3(7)4(8)2-6/h3,5-6H,1-2H2 ",C4H7O4,421
H14CO23C4, OCC(=O)C(=O)CO ," InChI=1S/C4H6O4/c5-1-3(7)4(8)2-6/h5-6H,1-2H2 ",C4H6O4,422
IEACHO, CC(O)(C=O)C1CO1 ," InChI=1S/C5H8O3/c1-5(7,3-6)4-2-8-4/h3-4,7H,2H2,1H3 ",C5H8O3,423
C526OOH, OCC(C(C=O)(OO)C)OO ," InChI=1S/C5H10O6/c1-5(3-7,11-9)4(2-6)10-8/h3-4,6,8-9H,2H2,1H3 ",C5H10O6,424
C526NO3, OCC(C(O[N+](=O)[O-])(C=O)C)OO ," InChI=1S/C5H9NO7/c1-5(3-8,13-6(9)10)4(2-7)12-11/h3-4,7,11H,2H2,1H3 ",C5H9NO7,425
C526O, OCC(C(C=O)([O])C)OO ," InChI=1S/C5H9O5/c1-5(8,3-7)4(2-6)10-9/h3-4,6,9H,2H2,1H3 ",C5H9O5,426
NC2OO, [O-][O+]=CCON(=O)=O ," InChI=1S/C2H3NO5/c4-3(5)7-1-2-8-6/h2H,1H2 ",C2H3NO5,427
ACLOO, [O-][O+]=C(C)CO ," InChI=1S/C3H6O3/c1-3(2-4)6-5/h4H,2H2,1H3 ",C3H6O3,428
NO3CH2CO3, [O]OC(=O)CON(=O)=O , InChI=1S/C2H2NO6/c4-2(9-7)1-8-3(5)6/h1H2 ,C2H2NO6,429
C3MDIALOOH, OOC(C)(C=O)C=O ," InChI=1S/C4H6O4/c1-4(2-5,3-6)8-7/h2-3,7H,1H3 ",C4H6O4,430
BIACETOOH, CC(=O)C(=O)COO ," InChI=1S/C4H6O4/c1-3(5)4(6)2-8-7/h7H,2H2,1H3 ",C4H6O4,431
CH3COCO3H, CC(=O)C(=O)OO ," InChI=1S/C3H4O4/c1-2(4)3(5)7-6/h6H,1H3 ",C3H4O4,432
PPACLOOA, [O-][O+]=C(C(=O)OO)C ," InChI=1S/C3H4O5/c1-2(7-5)3(4)8-6/h6H,1H3 ",C3H4O5,433
C534O2, O=CC(C(C(=O)OO)(O[O])C)O ," InChI=1S/C5H7O7/c1-5(12-10,3(7)2-6)4(8)11-9/h2-3,7,9H,1H3 ",C5H7O7,434
C4M2ALOHO, O=CC(O)C(C)([O])C=O ," InChI=1S/C5H7O4/c1-5(9,3-7)4(8)2-6/h2-4,8H,1H3 ",C5H7O4,435
C3MCODBCO3, [O]OC(=O)C=C(C)C=O ," InChI=1S/C5H5O4/c1-4(3-6)2-5(7)9-8/h2-3H,1H3 ",C5H5O4,436
MC3CODBCO3, CC(=CC=O)C(=O)O[O] ," InChI=1S/C5H5O4/c1-4(2-3-6)5(7)9-8/h2-3H,1H3 ",C5H5O4,437
C4M2ALOHO2, O=CC(O)C(C)(O[O])C=O ," InChI=1S/C5H7O5/c1-5(3-7,10-9)4(8)2-6/h2-4,8H,1H3 ",C5H7O5,438
PXYFUONE, O=C1OCC=C1C ," InChI=1S/C5H6O2/c1-4-2-3-7-5(4)6/h2H,3H2,1H3 ",C5H6O2,439
HC4ACO2H, OCC(=CC(=O)O)C ," InChI=1S/C5H8O3/c1-4(3-6)2-5(7)8/h2,6H,3H2,1H3,(H,7,8) ",C5H8O3,440
HC4ACO3H, OCC(=CC(=O)OO)C ," InChI=1S/C5H8O4/c1-4(3-6)2-5(7)9-8/h2,6,8H,3H2,1H3 ",C5H8O4,441
C5PAN17, OCC(=CC(=O)OON(=O)=O)C ," InChI=1S/C5H7NO6/c1-4(3-7)2-5(8)11-12-6(9)10/h2,7H,3H2,1H3 ",C5H7NO6,442
C58AOOH, OOC(C=O)C(C)(O)CO ," InChI=1S/C5H10O5/c1-5(8,3-7)4(2-6)10-9/h2,4,7-9H,3H2,1H3 ",C5H10O5,443
C58ANO3, [O-][N+](=O)OC(C(CO)(O)C)C=O ," InChI=1S/C5H9NO6/c1-5(9,3-8)4(2-7)12-6(10)11/h2,4,8-9H,3H2,1H3 ",C5H9NO6,444
C58AO, O=CC([O])C(C)(O)CO ," InChI=1S/C5H9O4/c1-5(9,3-7)4(8)2-6/h2,4,7,9H,3H2,1H3 ",C5H9O4,445
IEB1CHO, CC1(OC1CO)C=O ," InChI=1S/C5H8O3/c1-5(3-7)4(2-6)8-5/h3-4,6H,2H2,1H3 ",C5H8O3,446
IEB4CHO, CC1(CO)OC1C=O ," InChI=1S/C5H8O3/c1-5(3-7)4(2-6)8-5/h2,4,7H,3H2,1H3 ",C5H8O3,447
MACRNOO,     [O-][O+]=CC(C)(CO)ON(=O)=O ," InChI=1S/C4H7NO6/c1-4(2-6,3-10-9)11-5(7)8/h3,6H,2H2,1H3 ",C4H7NO6,448
INB1OOH, OCC(OO)C(C)(CO)ON(=O)=O ," InChI=1S/C5H11NO7/c1-5(3-8,13-6(9)10)4(2-7)12-11/h4,7-8,11H,2-3H2,1H3 ",C5H11NO7,449
INB1NO3, OCC(ON(=O)=O)C(C)(CO)ON(=O)=O ," InChI=1S/C5H10N2O8/c1-5(3-9,15-7(12)13)4(2-8)14-6(10)11/h4,8-9H,2-3H2,1H3 ",C5H10N2O8,450
INB1O, OCC([O])C(C)(CO)ON(=O)=O ," InChI=1S/C5H10NO6/c1-5(3-8,4(9)2-7)12-6(10)11/h4,7-8H,2-3H2,1H3 ",C5H10NO6,451
INB1CO, OCC(=O)C(C)(CO)ON(=O)=O ," InChI=1S/C5H9NO6/c1-5(3-8,4(9)2-7)12-6(10)11/h7-8H,2-3H2,1H3 ",C5H9NO6,452
INB1OH, OCC(O)C(C)(CO)ON(=O)=O ," InChI=1S/C5H11NO6/c1-5(3-8,4(9)2-7)12-6(10)11/h4,7-9H,2-3H2,1H3 ",C5H11NO6,453
INB2OOH, OOCC(O)C(C)(CO)ON(=O)=O ," InChI=1S/C5H11NO7/c1-5(3-7,13-6(9)10)4(8)2-12-11/h4,7-8,11H,2-3H2,1H3 ",C5H11NO7,454
INB2O, [O]CC(O)C(C)(CO)ON(=O)=O ," InChI=1S/C5H10NO6/c1-5(3-8,4(9)2-7)12-6(10)11/h4,8-9H,2-3H2,1H3 ",C5H10NO6,455
IECCHO, CC1(CO1)C(O)C=O ," InChI=1S/C5H8O3/c1-5(3-8-5)4(7)2-6/h2,4,7H,3H2,1H3 ",C5H8O3,456
HCOCO3H, OOC(=O)C=O ," InChI=1S/C2H2O4/c3-1-2(4)6-5/h1,5H ",C2H2O4,457
PPGAOOB, [O-][O+]=CC(=O)OO ," InChI=1S/C2H2O5/c3-2(7-5)1-6-4/h1,5H ",C2H2O5,458
C535O2, OOC(=O)C(C(C=O)(O[O])C)O ," InChI=1S/C5H7O7/c1-5(2-6,12-10)3(7)4(8)11-9/h2-3,7,9H,1H3 ",C5H7O7,459
HPC52OOH, OOCC(C(C=O)O)(OO)C ," InChI=1S/C5H10O6/c1-5(11-9,3-10-8)4(7)2-6/h2,4,7-9H,3H2,1H3 ",C5H10O6,460
HPC52O, CC(C(C=O)O)(COO)[O] ," InChI=1S/C5H9O5/c1-5(8,3-10-9)4(7)2-6/h2,4,7,9H,3H2,1H3 ",C5H9O5,461
HC4CCO2H, OCC=C(C)C(=O)O ," InChI=1S/C5H8O3/c1-4(2-3-6)5(7)8/h2,6H,3H2,1H3,(H,7,8) ",C5H8O3,462
HC4CCO3H, OCC=C(C)C(=O)OO ," InChI=1S/C5H8O4/c1-4(2-3-6)5(7)9-8/h2,6,8H,3H2,1H3 ",C5H8O4,463
C5PAN19, OCC=C(C)C(=O)OON(=O)=O ," InChI=1S/C5H7NO6/c1-4(2-3-7)5(8)11-12-6(9)10/h2,7H,3H2,1H3 ",C5H7NO6,464
C57AOOH, OCC(C(C=O)(O)C)OO ," InChI=1S/C5H10O5/c1-5(8,3-7)4(2-6)10-9/h3-4,6,8-9H,2H2,1H3 ",C5H10O5,465
C57AO, OCC(C(C=O)(O)C)[O] ," InChI=1S/C5H9O4/c1-5(9,3-7)4(8)2-6/h3-4,6,9H,2H2,1H3 ",C5H9O4,466
INDHCHO, OCC(ON(=O)=O)C(C)(O)C=O ," InChI=1S/C5H9NO6/c1-5(9,3-8)4(2-7)12-6(10)11/h3-4,7,9H,2H2,1H3 ",C5H9NO6,467
C57OOH, OCC(O)C(C)(OO)C=O ," InChI=1S/C5H10O5/c1-5(3-7,10-9)4(8)2-6/h3-4,6,8-9H,2H2,1H3 ",C5H10O5,468
C57NO3, OCC(O)C(C)(C=O)ON(=O)=O ," InChI=1S/C5H9NO6/c1-5(3-8,4(9)2-7)12-6(10)11/h3-4,7,9H,2H2,1H3 ",C5H9NO6,469
C57O, OCC(O)C(C)([O])C=O ," InChI=1S/C5H9O4/c1-5(9,3-7)4(8)2-6/h3-4,6,8H,2H2,1H3 ",C5H9O4,470
C57OH, OCC(O)C(C)(O)C=O ," InChI=1S/C5H10O4/c1-5(9,3-7)4(8)2-6/h3-4,6,8-9H,2H2,1H3 ",C5H10O4,471
NC4OO, OCC(ON(=O)=O)C(=[O+][O-])C ," InChI=1S/C4H7NO6/c1-3(11-9)4(2-6)10-5(7)8/h4,6H,2H2,1H3 ",C4H7NO6,472
INDOOH, OCC(ON(=O)=O)C(C)(CO)OO ," InChI=1S/C5H11NO7/c1-5(3-8,13-11)4(2-7)12-6(9)10/h4,7-8,11H,2-3H2,1H3 ",C5H11NO7,473
INDO, OCC(ON(=O)=O)C(C)([O])CO ," InChI=1S/C5H10NO6/c1-5(9,3-8)4(2-7)12-6(10)11/h4,7-8H,2-3H2,1H3 ",C5H10NO6,474
INDOH, OCC(ON(=O)=O)C(C)(O)CO ," InChI=1S/C5H11NO6/c1-5(9,3-8)4(2-7)12-6(10)11/h4,7-9H,2-3H2,1H3 ",C5H11NO6,475
C59OOH, OCC(=O)C(C)(CO)OO ," InChI=1S/C5H10O5/c1-5(3-7,10-9)4(8)2-6/h6-7,9H,2-3H2,1H3 ",C5H10O5,476
INAHPCHO, OOC(C)(C=O)C(O)CON(=O)=O ," InChI=1S/C5H9NO7/c1-5(3-7,13-11)4(8)2-12-6(9)10/h3-4,8,11H,2H2,1H3 ",C5H9NO7,477
INANCHO, O=CC(C)(ON(=O)=O)C(O)CON(=O)=O ," InChI=1S/C5H8N2O8/c1-5(3-8,15-7(12)13)4(9)2-14-6(10)11/h3-4,9H,2H2,1H3 ",C5H8N2O8,478
INANCO, OCC(C)(ON(=O)=O)C(=O)CON(=O)=O ," InChI=1S/C5H8N2O8/c1-5(3-8,15-7(12)13)4(9)2-14-6(10)11/h8H,2-3H2,1H3 ",C5H8N2O8,479
INAHCHO, O=CC(C)(O)C(O)CON(=O)=O ," InChI=1S/C5H9NO6/c1-5(9,3-7)4(8)2-12-6(10)11/h3-4,8-9H,2H2,1H3 ",C5H9NO6,480
C58NO3CO3, [O]OC(=O)C(O)C(C)(CO)ON(=O)=O ," InChI=1S/C5H8NO8/c1-5(2-7,14-6(10)11)3(8)4(9)13-12/h3,7-8H,2H2,1H3 ",C5H8NO8,481
HOCHOCOOH, OCC(OO)C=O ," InChI=1S/C3H6O4/c4-1-3(2-5)7-6/h1,3,5-6H,2H2 ",C3H6O4,482
CHOCOHCO, [O]C(CO)C=O ," InChI=1S/C3H5O3/c4-1-3(6)2-5/h1,3,5H,2H2 ",C3H5O3,483
OCCOHCOH, OC(CO)C=O ," InChI=1S/C3H6O3/c4-1-3(6)2-5/h1,3,5-6H,2H2 ",C3H6O3,484
C32OH13CO, O=CC(O)C=O ," InChI=1S/C3H4O3/c4-1-3(6)2-5/h1-3,6H ",C3H4O3,485
OCCOHCOOH, OC(COO)C=O ," InChI=1S/C3H6O4/c4-1-3(5)2-7-6/h1,3,5-6H,2H2 ",C3H6O4,486
C42AOH, O=CC(O)CON(=O)=O ," InChI=1S/C3H5NO5/c5-1-3(6)2-9-4(7)8/h1,3,6H,2H2 ",C3H5NO5,487
OCCOHCO, OC(C[O])C=O ," InChI=1S/C3H5O3/c4-1-3(6)2-5/h1,3,6H,2H2 ",C3H5O3,488
ETHENO3O2, [O]OCCON(=O)=O , InChI=1S/C2H4NO5/c4-3(5)7-1-2-8-6/h1-2H2 ,C2H4NO5,489
CH2OOA, [O-][O+]=C , InChI=1S/CH2O2/c1-3-2/h1H2 ,CH2O2,490
HOCH2CH2O2, OCCO[O] ," InChI=1S/C2H5O3/c3-1-2-5-4/h3H,1-2H2 ",C2H5O3,491
C524OOH, OCC(=C)C(CO)OO ," InChI=1S/C5H10O4/c1-4(2-6)5(3-7)9-8/h5-8H,1-3H2 ",C5H10O4,492
C524NO3, OCC(=C)C(CO)ON(=O)=O ," InChI=1S/C5H9NO5/c1-4(2-7)5(3-8)11-6(9)10/h5,7-8H,1-3H2 ",C5H9NO5,493
C524O, OCC(=C)C([O])CO ," InChI=1S/C5H9O3/c1-4(2-6)5(8)3-7/h5-7H,1-3H2 ",C5H9O3,494
C524CO, OCC(=O)C(=C)CO ," InChI=1S/C5H8O3/c1-4(2-6)5(8)3-7/h6-7H,1-3H2 ",C5H8O3,495
C524OH, OCC(=C)C(O)CO ," InChI=1S/C5H10O3/c1-4(2-6)5(8)3-7/h5-8H,1-3H2 ",C5H10O3,496
HMACR, OCC(=C)C=O ," InChI=1S/C4H6O2/c1-4(2-5)3-6/h2,6H,1,3H2 ",C4H6O2,497
MMCFO2, [O]OCOC(=O)OC=O ," InChI=1S/C3H3O6/c4-1-7-3(5)8-2-9-6/h1H,2H2 ",C3H3O6,498
C531O2, [O]OCC(=O)C=COC=O ," InChI=1S/C5H5O5/c6-4-9-2-1-5(7)3-10-8/h1-2,4H,3H2 ",C5H5O5,499
M3FOO, O=COC=CC(=[O+][O-])C ," InChI=1S/C5H6O4/c1-5(9-7)2-3-8-4-6/h2-4H,1H3 ",C5H6O4,500
INCNCO3, [O]OC(=O)C(ON(=O)=O)C(C)(O)CON(=O)=O ," InChI=1S/C5H7N2O10/c1-5(9,2-15-6(10)11)3(4(8)17-14)16-7(12)13/h3,9H,2H2,1H3 ",C5H7N2O10,501
CONM2CO2H, O=CC(C)(ON(=O)=O)C(=O)O ," InChI=1S/C4H5NO6/c1-4(2-6,3(7)8)11-5(9)10/h2H,1H3,(H,7,8) ",C4H5NO6,502
CONM2CO3H, OOC(=O)C(C)(C=O)ON(=O)=O ," InChI=1S/C4H5NO7/c1-4(2-6,3(7)11-10)12-5(8)9/h2,10H,1H3 ",C4H5NO7,503
CONM2PAN, O=CC(C)(ON(=O)=O)C(=O)OON(=O)=O ," InChI=1S/C4H4N2O9/c1-4(2-7,14-5(9)10)3(8)13-15-6(11)12/h2H,1H3 ",C4H4N2O9,504
IPRHOCO2H, OC(=O)C(C)(C)O ," InChI=1S/C4H8O3/c1-4(2,7)3(5)6/h7H,1-2H3,(H,5,6) ",C4H8O3,505
IPRHOCO3H, OOC(=O)C(C)(C)O ," InChI=1S/C4H8O4/c1-4(2,6)3(5)8-7/h6-7H,1-2H3 ",C4H8O4,506
C4PAN5, O=N(=O)OOC(=O)C(C)(C)O ," InChI=1S/C4H7NO6/c1-4(2,7)3(6)10-11-5(8)9/h7H,1-2H3 ",C4H7NO6,507
COHM2CO2H, O=CC(C)(O)C(=O)O ," InChI=1S/C4H6O4/c1-4(8,2-5)3(6)7/h2,8H,1H3,(H,6,7) ",C4H6O4,508
COHM2CO3H, CC(O)(C=O)C(=O)OO ," InChI=1S/C4H6O5/c1-4(7,2-5)3(6)9-8/h2,7-8H,1H3 ",C4H6O5,509
COHM2PAN, O=CC(C)(O)C(=O)OON(=O)=O ," InChI=1S/C4H5NO7/c1-4(8,2-6)3(7)11-12-5(9)10/h2,8H,1H3 ",C4H5NO7,510
PRNO3CO2H, O=N(=O)OC(C)C(=O)O ," InChI=1S/C3H5NO5/c1-2(3(5)6)9-4(7)8/h2H,1H3,(H,5,6) ",C3H5NO5,511
PRNO3CO3H, OOC(=O)C(C)ON(=O)=O ," InChI=1S/C3H5NO6/c1-2(3(5)10-8)9-4(6)7/h2,8H,1H3 ",C3H5NO6,512
PRNO3PAN, O=N(=O)OOC(=O)C(C)ON(=O)=O ," InChI=1S/C3H4N2O8/c1-2(11-4(7)8)3(6)12-13-5(9)10/h2H,1H3 ",C3H4N2O8,513
IPROPOLPER, OOC(=O)C(C)O ," InChI=1S/C3H6O4/c1-2(4)3(5)7-6/h2,4,6H,1H3 ",C3H6O4,514
IPROPOLPAN, O=N(=O)OOC(=O)C(C)O ," InChI=1S/C3H5NO6/c1-2(5)3(6)9-10-4(7)8/h2,5H,1H3 ",C3H5NO6,515
CO2N3CO3H, OOC(=O)C(ON(=O)=O)C(=O)C ," InChI=1S/C4H5NO7/c1-2(6)3(4(7)12-10)11-5(8)9/h3,10H,1H3 ",C4H5NO7,516
CO2N3PAN, O=N(=O)OOC(=O)C(ON(=O)=O)C(=O)C ," InChI=1S/C4H4N2O9/c1-2(7)3(13-5(9)10)4(8)14-15-6(11)12/h3H,1H3 ",C4H4N2O9,517
HOCH2COCO2H, OCC(=O)C(=O)O ," InChI=1S/C3H4O4/c4-1-2(5)3(6)7/h4H,1H2,(H,6,7) ",C3H4O4,518
H13CO2CO3, OCC(=O)C(O)C(=O)O[O] ," InChI=1S/C4H5O6/c5-1-2(6)3(7)4(8)10-9/h3,5,7H,1H2 ",C4H5O6,519
H1CO23CHO, OCC(=O)C(=O)C=O ," InChI=1S/C4H4O4/c5-1-3(7)4(8)2-6/h1,6H,2H2 ",C4H4O4,520
IEACO3, CC(O)(C1CO1)C(=O)O[O] ," InChI=1S/C5H7O5/c1-5(7,3-2-9-3)4(6)10-8/h3,7H,2H2,1H3 ",C5H7O5,521
IEC2OOH, OCC(=O)C(C)(OO)C=O ," InChI=1S/C5H8O5/c1-5(3-7,10-9)4(8)2-6/h3,6,9H,2H2,1H3 ",C5H8O5,522
NO3CH2CO2H, OC(=O)CON(=O)=O ," InChI=1S/C2H3NO5/c4-2(5)1-8-3(6)7/h1H2,(H,4,5) ",C2H3NO5,523
NO3CH2CO3H, OOC(=O)CON(=O)=O ," InChI=1S/C2H3NO6/c4-2(9-7)1-8-3(5)6/h7H,1H2 ",C2H3NO6,524
NO3CH2PAN, O=C(CON(=O)=O)OON(=O)=O , InChI=1S/C2H2N2O8/c5-2(1-10-3(6)7)11-12-4(8)9/h1H2 ,C2H2N2O8,525
C3MDIALO2, [O]OC(C)(C=O)C=O ," InChI=1S/C4H5O4/c1-4(2-5,3-6)8-7/h2-3H,1H3 ",C4H5O4,526
C3MDIALO, O=CC(C)([O])C=O ," InChI=1S/C4H5O3/c1-4(7,2-5)3-6/h2-3H,1H3 ",C4H5O3,527
BIACETO, CC(=O)C(=O)C[O] ," InChI=1S/C4H5O3/c1-3(6)4(7)2-5/h2H2,1H3 ",C4H5O3,528
BIACETO2, CC(=O)C(=O)CO[O] ," InChI=1S/C4H5O4/c1-3(5)4(6)2-8-7/h2H2,1H3 ",C4H5O4,529
CH3COCO3, CC(=O)C(=O)O[O] , InChI=1S/C3H3O4/c1-2(4)3(5)7-6/h1H3 ,C3H3O4,530
C534OOH, O=CC(C(C(=O)OO)(OO)C)O ," InChI=1S/C5H8O7/c1-5(12-10,3(7)2-6)4(8)11-9/h2-3,7,9-10H,1H3 ",C5H8O7,531
C534O, CC(C(=O)OO)(C(C=O)O)[O] ," InChI=1S/C5H7O6/c1-5(9,3(7)2-6)4(8)11-10/h2-3,7,10H,1H3 ",C5H7O6,532
C3MCODBCO2, O=CC(=CC(=O)[O])C ," InChI=1S/C5H5O3/c1-4(3-6)2-5(7)8/h2-3H,1H3 ",C5H5O3,533
C3MCODBPAN, O=CC(=CC(=O)OON(=O)=O)C ," InChI=1S/C5H5NO6/c1-4(3-7)2-5(8)11-12-6(9)10/h2-3H,1H3 ",C5H5NO6,534
MC3CODBCO2, O=CC=C(C)C(=O)[O] ," InChI=1S/C5H5O3/c1-4(2-3-6)5(7)8/h2-3H,1H3 ",C5H5O3,535
MC3ODBCO2H, O=CC=C(C)C(=O)O ," InChI=1S/C5H6O3/c1-4(2-3-6)5(7)8/h2-3H,1H3,(H,7,8) ",C5H6O3,536
MC3CODBPAN, O=CC=C(C)C(=O)OON(=O)=O ," InChI=1S/C5H5NO6/c1-4(2-3-7)5(8)11-12-6(9)10/h2-3H,1H3 ",C5H5NO6,537
C4M2AL2OH, O=CC(O)C(C)(O)C=O ," InChI=1S/C5H8O4/c1-5(9,3-7)4(8)2-6/h2-4,8-9H,1H3 ",C5H8O4,538
NPXYFUO2, [O]OC1(C)C(=O)OCC1ON(=O)=O ," InChI=1S/C5H6NO7/c1-5(13-10)3(12-6(8)9)2-11-4(5)7/h3H,2H2,1H3 ",C5H6NO7,539
MCOCOMOXO2, CC(=O)C(=O)OCO[O] ," InChI=1S/C4H5O5/c1-3(5)4(6)8-2-9-7/h2H2,1H3 ",C4H5O5,540
PXYFUO2, [O]OC1(C)C(O)COC1=O ," InChI=1S/C5H7O5/c1-5(10-8)3(6)2-9-4(5)7/h3,6H,2H2,1H3 ",C5H7O5,541
C47CHO, O=CC(C(C=O)(O)C)O[N+](=O)[O-] ," InChI=1S/C5H7NO6/c1-5(9,3-8)4(2-7)12-6(10)11/h2-4,9H,1H3 ",C5H7NO6,542
INB1HPCHO, OOC(C=O)C(C)(CO)ON(=O)=O ," InChI=1S/C5H9NO7/c1-5(3-8,13-6(9)10)4(2-7)12-11/h2,4,8,11H,3H2,1H3 ",C5H9NO7,543
INB1NACHO, O=CC(ON(=O)=O)C(C)(CO)ON(=O)=O ," InChI=1S/C5H8N2O8/c1-5(3-9,15-7(12)13)4(2-8)14-6(10)11/h2,4,9H,3H2,1H3 ",C5H8N2O8,544
INB1NBCHO, OCC(ON(=O)=O)C(C)(C=O)ON(=O)=O ," InChI=1S/C5H8N2O8/c1-5(3-9,15-7(12)13)4(2-8)14-6(10)11/h3-4,8H,2H2,1H3 ",C5H8N2O8,545
INB1GLYOX, O=CC(=O)C(C)(CO)ON(=O)=O ," InChI=1S/C5H7NO6/c1-5(3-8,4(9)2-7)12-6(10)11/h2,8H,3H2,1H3 ",C5H7NO6,546
IECCO3, CC1(CO1)C(O)C(=O)O[O] ," InChI=1S/C5H7O5/c1-5(2-9-5)3(6)4(7)10-8/h3,6H,2H2,1H3 ",C5H7O5,547
C535OOH, OOC(=O)C(C(C=O)(OO)C)O ," InChI=1S/C5H8O7/c1-5(2-6,12-10)3(7)4(8)11-9/h2-3,7,9-10H,1H3 ",C5H8O7,548
C535O, CC(C(C(=O)OO)O)(C=O)[O] ," InChI=1S/C5H7O6/c1-5(9,2-6)3(7)4(8)11-10/h2-3,7,10H,1H3 ",C5H7O6,549
HPC52CO3, OOCC(C(C(=O)O[O])O)(OO)C ," InChI=1S/C5H9O8/c1-5(13-10,2-11-8)3(6)4(7)12-9/h3,6,8,10H,2H2,1H3 ",C5H9O8,550
INDHCO3, OCC(ON(=O)=O)C(C)(O)C(=O)O[O] ," InChI=1S/C5H8NO8/c1-5(9,4(8)14-12)3(2-7)13-6(10)11/h3,7,9H,2H2,1H3 ",C5H8NO8,551
C4M2ALOHNO3, O=CC(O)C(C)(C=O)ON(=O)=O ," InChI=1S/C5H7NO6/c1-5(3-8,4(9)2-7)12-6(10)11/h2-4,9H,1H3 ",C5H7NO6,552
C57NO3CO3, OCC(O)C(C)(ON(=O)=O)C(=O)O[O] ," InChI=1S/C5H8NO8/c1-5(3(8)2-7,4(9)13-12)14-6(10)11/h3,7-8H,2H2,1H3 ",C5H8NO8,553
INDHPCHO, OCC(ON(=O)=O)C(C)(OO)C=O ," InChI=1S/C5H9NO7/c1-5(3-8,13-11)4(2-7)12-6(9)10/h3-4,7,11H,2H2,1H3 ",C5H9NO7,554
INAHPCO3, [O]OC(=O)C(C)(OO)C(O)CON(=O)=O ," InChI=1S/C5H8NO9/c1-5(15-12,4(8)14-11)3(7)2-13-6(9)10/h3,7,12H,2H2,1H3 ",C5H8NO9,555
INANCO3, [O]OC(=O)C(C)(ON(=O)=O)C(O)CON(=O)=O ," InChI=1S/C5H7N2O10/c1-5(4(9)16-14,17-7(12)13)3(8)2-15-6(10)11/h3,8H,2H2,1H3 ",C5H7N2O10,556
INANCOCHO, O=CC(C)(ON(=O)=O)C(=O)CON(=O)=O ," InChI=1S/C5H6N2O8/c1-5(3-8,15-7(12)13)4(9)2-14-6(10)11/h3H,2H2,1H3 ",C5H6N2O8,557
INAHCO3, [O]OC(=O)C(C)(O)C(O)CON(=O)=O ," InChI=1S/C5H8NO8/c1-5(9,4(8)14-12)3(7)2-13-6(10)11/h3,7,9H,2H2,1H3 ",C5H8NO8,558
C58NO3CO2H, OCC(C)(ON(=O)=O)C(O)C(=O)O ," InChI=1S/C5H9NO7/c1-5(2-7,13-6(11)12)3(8)4(9)10/h3,7-8H,2H2,1H3,(H,9,10) ",C5H9NO7,559
C58NO3CO3H, OOC(=O)C(O)C(C)(CO)ON(=O)=O ," InChI=1S/C5H9NO8/c1-5(2-7,14-6(10)11)3(8)4(9)13-12/h3,7-8,12H,2H2,1H3 ",C5H9NO8,560
C58NO3PAN, OCC(C)(ON(=O)=O)C(O)C(=O)OON(=O)=O ," InChI=1S/C5H8N2O10/c1-5(2-8,16-6(11)12)3(9)4(10)15-17-7(13)14/h3,8-9H,2H2,1H3 ",C5H8N2O10,561
A2PANOO, OCC(O)C(=O)O[O] ," InChI=1S/C3H5O5/c4-1-2(5)3(6)8-7/h2,4-5H,1H2 ",C3H5O5,562
HCOCOHCO3, OC(C=O)C(=O)O[O] ," InChI=1S/C3H3O5/c4-1-2(5)3(6)8-7/h1-2,5H ",C3H3O5,563
NMGLYOX, O=CC(=O)CON(=O)=O ," InChI=1S/C3H3NO5/c5-1-3(6)2-9-4(7)8/h1H,2H2 ",C3H3NO5,564
ETHO2HNO3, OOCCON(=O)=O ," InChI=1S/C2H5NO5/c4-3(5)7-1-2-8-6/h6H,1-2H2 ",C2H5NO5,565
ETHENO3O, [O]CCON(=O)=O , InChI=1S/C2H4NO4/c4-1-2-7-3(5)6/h1-2H2 ,C2H4NO4,566
ETHOHNO3, OCCON(=O)=O ," InChI=1S/C2H5NO4/c4-1-2-7-3(5)6/h4H,1-2H2 ",C2H5NO4,567
HYETHO2H, OCCOO ," InChI=1S/C2H6O3/c3-1-2-5-4/h3-4H,1-2H2 ",C2H6O3,568
HOCH2CH2O, OCC[O] ," InChI=1S/C2H5O2/c3-1-2-4/h3H,1-2H2 ",C2H5O2,569
ETHGLY, OCCO ," InChI=1S/C2H6O2/c3-1-2-4/h3-4H,1-2H2 ",C2H6O2,570
HIEPOXB, OCC1OC1(CO)CO ," InChI=1S/C5H10O4/c6-1-4-5(2-7,3-8)9-4/h4,6-8H,1-3H2 ",C5H10O4,571
NC524O2, OCC(ON(=O)=O)C(CO)(CO)O[O] ," InChI=1S/C5H10NO8/c7-1-4(13-6(10)11)5(2-8,3-9)14-12/h4,7-9H,1-3H2 ",C5H10NO8,572
C525O2, OCC(=O)C(CO)(CO)O[O] ," InChI=1S/C5H9O6/c6-1-4(9)5(2-7,3-8)11-10/h6-8H,1-3H2 ",C5H9O6,573
HMACO3, OCC(=C)C(=O)O[O] ," InChI=1S/C4H5O4/c1-3(2-5)4(6)8-7/h5H,1-2H2 ",C4H5O4,574
HMGLYOOA, [O-]/[O+]=C(\CO)/C=O ," InChI=1S/C3H4O4/c4-1-3(2-5)7-6/h1,5H,2H2 ",C3H4O4,575
HMACRO2, OCC(CO)(O[O])C=O ," InChI=1S/C4H7O5/c5-1-4(2-6,3-7)9-8/h1,6-7H,2-3H2 ",C4H7O5,576
MMCFOOH, OOCOC(=O)OC=O ," InChI=1S/C3H4O6/c4-1-7-3(5)8-2-9-6/h1,6H,2H2 ",C3H4O6,577
MMCFNO3, O=COC(=O)OCON(=O)=O ," InChI=1S/C3H3NO7/c5-1-9-3(6)10-2-11-4(7)8/h1H,2H2 ",C3H3NO7,578
MMCFO, [O]COC(=O)OC=O ," InChI=1S/C3H3O5/c4-1-7-3(6)8-2-5/h1H,2H2 ",C3H3O5,579
DFC, O=COC(=O)OC=O , InChI=1S/C3H2O5/c4-1-7-3(6)8-2-5/h1-2H ,C3H2O5,580
MMCFOH, OCOC(=O)OC=O ," InChI=1S/C3H4O5/c4-1-7-3(6)8-2-5/h1,5H,2H2 ",C3H4O5,581
C531OOH, OOCC(=O)C=COC=O ," InChI=1S/C5H6O5/c6-4-9-2-1-5(7)3-10-8/h1-2,4,8H,3H2 ",C5H6O5,582
C531O, O=COC=CC(=O)C[O] ," InChI=1S/C5H5O4/c6-3-5(8)1-2-9-4-7/h1-2,4H,3H2 ",C5H5O4,583
C532CO, O=COC=CC(=O)C ," InChI=1S/C5H6O3/c1-5(7)2-3-8-4-6/h2-4H,1H3 ",C5H6O3,584
INCNCO2H, O=N(=O)OCC(C)(O)C(ON(=O)=O)C(=O)O ," InChI=1S/C5H8N2O9/c1-5(10,2-15-6(11)12)3(4(8)9)16-7(13)14/h3,10H,2H2,1H3,(H,8,9) ",C5H8N2O9,585
INCNCO3H, OOC(=O)C(ON(=O)=O)C(C)(O)CON(=O)=O ," InChI=1S/C5H8N2O10/c1-5(9,2-15-6(10)11)3(4(8)17-14)16-7(12)13/h3,9,14H,2H2,1H3 ",C5H8N2O10,586
INCNPAN, O=N(=O)OOC(=O)C(ON(=O)=O)C(C)(O)CON(=O)=O ," InChI=1S/C5H7N3O12/c1-5(10,2-17-6(11)12)3(18-7(13)14)4(9)19-20-8(15)16/h3,10H,2H2,1H3 ",C5H7N3O12,587
CH3COPAN, O=N(=O)OOC(=O)C(=O)C , InChI=1S/C3H3NO6/c1-2(5)3(6)9-10-4(7)8/h1H3 ,C3H3NO6,588
COHM2CO3, CC(O)(C=O)C(=O)O[O] ," InChI=1S/C4H5O5/c1-4(7,2-5)3(6)9-8/h2,7H,1H3 ",C4H5O5,589
H13CO2CO3H, OCC(=O)C(O)C(=O)OO ," InChI=1S/C4H6O6/c5-1-2(6)3(7)4(8)10-9/h3,5,7,9H,1H2 ",C4H6O6,590
C4PAN10, OCC(=O)C(O)C(=O)OON(=O)=O ," InChI=1S/C4H5NO8/c6-1-2(7)3(8)4(9)12-13-5(10)11/h3,6,8H,1H2 ",C4H5NO8,591
IEACO3H, CC(O)(C1CO1)C(=O)OO ," InChI=1S/C5H8O5/c1-5(7,3-2-9-3)4(6)10-8/h3,7-8H,2H2,1H3 ",C5H8O5,592
IEAPAN, O=N(=O)OOC(=O)C(C)(O)C1OC1 ," InChI=1S/C5H7NO7/c1-5(8,3-2-11-3)4(7)12-13-6(9)10/h3,8H,2H2,1H3 ",C5H7NO7,593
MMALANHY, O=C1C=C(C)C(=O)O1 ," InChI=1S/C5H4O3/c1-3-2-4(6)8-5(3)7/h2H,1H3 ",C5H4O3,594
NPXYFUOOH, OOC1(C)C(=O)OCC1ON(=O)=O ," InChI=1S/C5H7NO7/c1-5(13-10)3(12-6(8)9)2-11-4(5)7/h3,10H,2H2,1H3 ",C5H7NO7,595
NPXYFUO, O=N(=O)OC1COC(=O)C1(C)[O] ," InChI=1S/C5H6NO6/c1-5(8)3(12-6(9)10)2-11-4(5)7/h3H,2H2,1H3 ",C5H6NO6,596
MCOCOMOOOH, CC(=O)C(=O)OCOO ," InChI=1S/C4H6O5/c1-3(5)4(6)8-2-9-7/h7H,2H2,1H3 ",C4H6O5,597
MCOCOMOXO, CC(=O)C(=O)OC[O] ," InChI=1S/C4H5O4/c1-3(6)4(7)8-2-5/h2H2,1H3 ",C4H5O4,598
PXYFUOOH, OOC1(C)C(O)COC1=O ," InChI=1S/C5H8O5/c1-5(10-8)3(6)2-9-4(5)7/h3,6,8H,2H2,1H3 ",C5H8O5,599
PXYFUO, CC1([O])C(O)COC1=O ," InChI=1S/C5H7O4/c1-5(8)3(6)2-9-4(5)7/h3,6H,2H2,1H3 ",C5H7O4,600
PXYFUOH, CC1(O)C(O)COC1=O ," InChI=1S/C5H8O4/c1-5(8)3(6)2-9-4(5)7/h3,6,8H,2H2,1H3 ",C5H8O4,601
C47CO3, O=CC(C(C(=O)O[O])(O)C)O[N+](=O)[O-] ," InChI=1S/C5H6NO8/c1-5(9,4(8)14-12)3(2-7)13-6(10)11/h2-3,9H,1H3 ",C5H6NO8,602
INB1HPCO3, [O]OC(=O)C(OO)C(C)(CO)ON(=O)=O ," InChI=1S/C5H8NO9/c1-5(2-7,15-6(9)10)3(13-11)4(8)14-12/h3,7,11H,2H2,1H3 ",C5H8NO9,603
INB1NACO3, [O]OC(=O)C(ON(=O)=O)C(C)(CO)ON(=O)=O ," InChI=1S/C5H7N2O10/c1-5(2-8,17-7(12)13)3(4(9)16-14)15-6(10)11/h3,8H,2H2,1H3 ",C5H7N2O10,604
INB1NBCO3, [O]OC(=O)C(C)(ON(=O)=O)C(CO)ON(=O)=O ," InChI=1S/C5H7N2O10/c1-5(4(9)16-14,17-7(12)13)3(2-8)15-6(10)11/h3,8H,2H2,1H3 ",C5H7N2O10,605
IECCO3H, CC1(CO1)C(O)C(=O)OO ," InChI=1S/C5H8O5/c1-5(2-9-5)3(6)4(7)10-8/h3,6,8H,2H2,1H3 ",C5H8O5,606
IECPAN, O=N(=O)OOC(=O)C(O)C1(C)OC1 ," InChI=1S/C5H7NO7/c1-5(2-11-5)3(7)4(8)12-13-6(9)10/h3,7H,2H2,1H3 ",C5H7NO7,607
HPC52CO3H, OOCC(C(C(=O)OO)O)(OO)C ," InChI=1S/C5H10O8/c1-5(13-10,2-11-8)3(6)4(7)12-9/h3,6,8-10H,2H2,1H3 ",C5H10O8,608
HPC52PAN, OOCC(C(C(=O)OO[N+](=O)[O-])O)(OO)C ," InChI=1S/C5H9NO10/c1-5(15-12,2-13-11)3(7)4(8)14-16-6(9)10/h3,7,11-12H,2H2,1H3 ",C5H9NO10,609
INDHCO3H, OCC(ON(=O)=O)C(C)(O)C(=O)OO ," InChI=1S/C5H9NO8/c1-5(9,4(8)14-12)3(2-7)13-6(10)11/h3,7,9,12H,2H2,1H3 ",C5H9NO8,610
INDHPAN, OCC(ON(=O)=O)C(C)(O)C(=O)OON(=O)=O ," InChI=1S/C5H8N2O10/c1-5(10,3(2-8)15-6(11)12)4(9)16-17-7(13)14/h3,8,10H,2H2,1H3 ",C5H8N2O10,611
MMALNACO3, [O]OC(=O)C(O)C(C)(C=O)ON(=O)=O ," InChI=1S/C5H6NO8/c1-5(2-7,14-6(10)11)3(8)4(9)13-12/h2-3,8H,1H3 ",C5H6NO8,612
MMALNBCO3, O=CC(O)C(C)(ON(=O)=O)C(=O)O[O] ," InChI=1S/C5H6NO8/c1-5(3(8)2-7,4(9)13-12)14-6(10)11/h2-3,8H,1H3 ",C5H6NO8,613
C57NO3CO2H, OCC(O)C(C)(ON(=O)=O)C(=O)O ," InChI=1S/C5H9NO7/c1-5(4(9)10,3(8)2-7)13-6(11)12/h3,7-8H,2H2,1H3,(H,9,10) ",C5H9NO7,614
C57NO3CO3H, OCC(O)C(C)(ON(=O)=O)C(=O)OO ," InChI=1S/C5H9NO8/c1-5(3(8)2-7,4(9)13-12)14-6(10)11/h3,7-8,12H,2H2,1H3 ",C5H9NO8,615
C57NO3PAN, OCC(O)C(C)(ON(=O)=O)C(=O)OON(=O)=O ," InChI=1S/C5H8N2O10/c1-5(3(9)2-8,16-6(11)12)4(10)15-17-7(13)14/h3,8-9H,2H2,1H3 ",C5H8N2O10,616
INDHPCO3, [O]OC(=O)C(C)(OO)C(CO)ON(=O)=O ," InChI=1S/C5H8NO9/c1-5(15-12,4(8)14-11)3(2-7)13-6(9)10/h3,7,12H,2H2,1H3 ",C5H8NO9,617
INAHPCO2H, OOC(C)(C(=O)O)C(O)CON(=O)=O ," InChI=1S/C5H9NO8/c1-5(14-12,4(8)9)3(7)2-13-6(10)11/h3,7,12H,2H2,1H3,(H,8,9) ",C5H9NO8,618
INAHPCO3H, OOC(=O)C(C)(OO)C(O)CON(=O)=O ," InChI=1S/C5H9NO9/c1-5(15-12,4(8)14-11)3(7)2-13-6(9)10/h3,7,11-12H,2H2,1H3 ",C5H9NO9,619
INAHPPAN, OOC(C)(C(O)CON(=O)=O)C(=O)OON(=O)=O ," InChI=1S/C5H8N2O11/c1-5(17-14,3(8)2-15-6(10)11)4(9)16-18-7(12)13/h3,8,14H,2H2,1H3 ",C5H8N2O11,620
INANCO2H, O=N(=O)OCC(O)C(C)(ON(=O)=O)C(=O)O ," InChI=1S/C5H8N2O9/c1-5(4(9)10,16-7(13)14)3(8)2-15-6(11)12/h3,8H,2H2,1H3,(H,9,10) ",C5H8N2O9,621
INANCO3H, OOC(=O)C(C)(ON(=O)=O)C(O)CON(=O)=O ," InChI=1S/C5H8N2O10/c1-5(4(9)16-14,17-7(12)13)3(8)2-15-6(10)11/h3,8,14H,2H2,1H3 ",C5H8N2O10,622
INANPAN, O=N(=O)OCC(O)C(C)(ON(=O)=O)C(=O)OON(=O)=O ," InChI=1S/C5H7N3O12/c1-5(19-7(13)14,3(9)2-17-6(11)12)4(10)18-20-8(15)16/h3,9H,2H2,1H3 ",C5H7N3O12,623
INANCOCO3, [O]OC(=O)C(C)(ON(=O)=O)C(=O)CON(=O)=O ," InChI=1S/C5H5N2O10/c1-5(4(9)16-14,17-7(12)13)3(8)2-15-6(10)11/h2H2,1H3 ",C5H5N2O10,624
INAHCO2H, O=N(=O)OCC(O)C(C)(O)C(=O)O ," InChI=1S/C5H9NO7/c1-5(10,4(8)9)3(7)2-13-6(11)12/h3,7,10H,2H2,1H3,(H,8,9) ",C5H9NO7,625
INAHCO3H, OOC(=O)C(C)(O)C(O)CON(=O)=O ," InChI=1S/C5H9NO8/c1-5(9,4(8)14-12)3(7)2-13-6(10)11/h3,7,9,12H,2H2,1H3 ",C5H9NO8,626
INAHPAN, O=N(=O)OCC(O)C(C)(O)C(=O)OON(=O)=O ," InChI=1S/C5H8N2O10/c1-5(10,3(8)2-15-6(11)12)4(9)16-17-7(13)14/h3,8,10H,2H2,1H3 ",C5H8N2O10,627
MMALNACO2H, O=CC(C)(ON(=O)=O)C(O)C(=O)O ," InChI=1S/C5H7NO7/c1-5(2-7,13-6(11)12)3(8)4(9)10/h2-3,8H,1H3,(H,9,10) ",C5H7NO7,628
MMALNACO3H, OOC(=O)C(O)C(C)(C=O)ON(=O)=O ," InChI=1S/C5H7NO8/c1-5(2-7,14-6(10)11)3(8)4(9)13-12/h2-3,8,12H,1H3 ",C5H7NO8,629
MMALNAPAN, O=CC(C)(ON(=O)=O)C(O)C(=O)OON(=O)=O ," InChI=1S/C5H6N2O10/c1-5(2-8,16-6(11)12)3(9)4(10)15-17-7(13)14/h2-3,9H,1H3 ",C5H6N2O10,630
A2PANO, OCC(O)C(=O)[O] ," InChI=1S/C3H5O4/c4-1-2(5)3(6)7/h2,4-5H,1H2 ",C3H5O4,631
C2OHOCO2H, OCC(O)C(=O)O ," InChI=1S/C3H6O4/c4-1-2(5)3(6)7/h2,4-5H,1H2,(H,6,7) ",C3H6O4,632
C2OHOCOOH, OCC(O)C(=O)OO ," InChI=1S/C3H6O5/c4-1-2(5)3(6)8-7/h2,4-5,7H,1H2 ",C3H6O5,633
A2PAN, OCC(O)C(=O)OON(=O)=O ," InChI=1S/C3H5NO7/c5-1-2(6)3(7)10-11-4(8)9/h2,5-6H,1H2 ",C3H5NO7,634
HCOCOHCO3H, OC(C=O)C(=O)OO ," InChI=1S/C3H4O5/c4-1-2(5)3(6)8-7/h1-2,5,7H ",C3H4O5,635
HCOCOHPAN, O=CC(O)C(=O)OON(=O)=O ," InChI=1S/C3H3NO7/c5-1-2(6)3(7)10-11-4(8)9/h1-2,6H ",C3H3NO7,636
HIEB1O2, OCC(O)C(CO)(O[O])C=O ," InChI=1S/C5H9O6/c6-1-4(9)5(2-7,3-8)11-10/h2,4,6,8-9H,1,3H2 ",C5H9O6,637
HIEB2O2, [O]OC(C=O)C(O)(CO)CO ," InChI=1S/C5H9O6/c6-1-4(11-10)5(9,2-7)3-8/h1,4,7-9H,2-3H2 ",C5H9O6,638
NC524OOH, OCC(ON(=O)=O)C(CO)(CO)OO ," InChI=1S/C5H11NO8/c7-1-4(13-6(10)11)5(2-8,3-9)14-12/h4,7-9,12H,1-3H2 ",C5H11NO8,639
NC524NO3, OCC(ON(=O)=O)C(CO)(CO)ON(=O)=O ," InChI=1S/C5H10N2O9/c8-1-4(15-6(11)12)5(2-9,3-10)16-7(13)14/h4,8-10H,1-3H2 ",C5H10N2O9,640
NC524O, OCC(ON(=O)=O)C([O])(CO)CO ," InChI=1S/C5H10NO7/c7-1-4(13-6(11)12)5(10,2-8)3-9/h4,7-9H,1-3H2 ",C5H10NO7,641
NC524OH, OCC(ON(=O)=O)C(O)(CO)CO ," InChI=1S/C5H11NO7/c7-1-4(13-6(11)12)5(10,2-8)3-9/h4,7-10H,1-3H2 ",C5H11NO7,642
C525OOH, OCC(=O)C(CO)(CO)OO ," InChI=1S/C5H10O6/c6-1-4(9)5(2-7,3-8)11-10/h6-8,10H,1-3H2 ",C5H10O6,643
C525O, OCC(=O)C([O])(CO)CO ," InChI=1S/C5H9O5/c6-1-4(9)5(10,2-7)3-8/h6-8H,1-3H2 ",C5H9O5,644
HMACO2H, OCC(=C)C(=O)O ," InChI=1S/C4H6O3/c1-3(2-5)4(6)7/h5H,1-2H2,(H,6,7) ",C4H6O3,645
HMACO3H, OCC(=C)C(=O)OO ," InChI=1S/C4H6O4/c1-3(2-5)4(6)8-7/h5,7H,1-2H2 ",C4H6O4,646
HMPAN, OCC(=C)C(=O)OON(=O)=O ," InChI=1S/C4H5NO6/c1-3(2-6)4(7)10-11-5(8)9/h6H,1-2H2 ",C4H5NO6,647
HMGLYOO, [O-]/[O+]=C(\CO)/C=O ," InChI=1S/C3H4O4/c4-1-3(2-5)7-6/h1,5H,2H2 ",C3H4O4,648
HMACROOH, OCC(CO)(OO)C=O ," InChI=1S/C4H8O5/c5-1-4(2-6,3-7)9-8/h1,6-8H,2-3H2 ",C4H8O5,649
HMACRO, OCC([O])(CO)C=O ," InChI=1S/C4H7O4/c5-1-4(8,2-6)3-7/h1,6-7H,2-3H2 ",C4H7O4,650
H13CO2C3, OCC(=O)CO ," InChI=1S/C3H6O3/c4-1-3(6)2-5/h4-5H,1-2H2 ",C3H6O3,651
HMACROH, OCC(O)(CO)C=O ," InChI=1S/C4H8O4/c5-1-4(8,2-6)3-7/h1,6-8H,2-3H2 ",C4H8O4,652
C531CO, O=COC=CC(=O)C=O , InChI=1S/C5H4O4/c6-3-5(8)1-2-9-4-7/h1-4H ,C5H4O4,653
C31CO3, O=COC=CC(=O)O[O] , InChI=1S/C4H3O5/c5-3-8-2-1-4(6)9-7/h1-3H ,C4H3O5,654
C533O2, O=COC(C(C(=O)C)O[O])O ," InChI=1S/C5H7O6/c1-3(7)4(11-9)5(8)10-2-6/h2,4-5,8H,1H3 ",C5H7O6,655
MMALANHYO2, CC1(O[O])C(O)C(=O)OC1=O ," InChI=1S/C5H5O6/c1-5(11-9)2(6)3(7)10-4(5)8/h2,6H,1H3 ",C5H5O6,656
C23O3CCHO, O=CCOC(=O)C(=O)C ," InChI=1S/C5H6O4/c1-4(7)5(8)9-3-2-6/h2H,3H2,1H3 ",C5H6O4,657
C47CO3H, O=CC(C(C(=O)OO)(O)C)O[N+](=O)[O-] ," InChI=1S/C5H7NO8/c1-5(9,4(8)14-12)3(2-7)13-6(10)11/h2-3,9,12H,1H3 ",C5H7NO8,658
C47PAN, O=CC(C(C(=O)OO[N+](=O)[O-])(O)C)O[N+](=O)[O-] ," InChI=1S/C5H6N2O10/c1-5(10,3(2-8)15-6(11)12)4(9)16-17-7(13)14/h2-3,10H,1H3 ",C5H6N2O10,659
INB1HPCO2H, OOC(C(=O)O)C(C)(CO)ON(=O)=O ," InChI=1S/C5H9NO8/c1-5(2-7,14-6(10)11)3(13-12)4(8)9/h3,7,12H,2H2,1H3,(H,8,9) ",C5H9NO8,660
INB1HPCO3H, OOC(=O)C(OO)C(C)(CO)ON(=O)=O ," InChI=1S/C5H9NO9/c1-5(2-7,15-6(9)10)3(13-11)4(8)14-12/h3,7,11-12H,2H2,1H3 ",C5H9NO9,661
INB1HPPAN, OOC(C(=O)OON(=O)=O)C(C)(CO)ON(=O)=O ," InChI=1S/C5H8N2O11/c1-5(2-8,17-6(10)11)3(15-14)4(9)16-18-7(12)13/h3,8,14H,2H2,1H3 ",C5H8N2O11,662
INB1NACO2H, OCC(C)(ON(=O)=O)C(ON(=O)=O)C(=O)O ," InChI=1S/C5H8N2O9/c1-5(2-8,16-7(13)14)3(4(9)10)15-6(11)12/h3,8H,2H2,1H3,(H,9,10) ",C5H8N2O9,663
INB1NACO3H, OOC(=O)C(ON(=O)=O)C(C)(CO)ON(=O)=O ," InChI=1S/C5H8N2O10/c1-5(2-8,17-7(12)13)3(4(9)16-14)15-6(10)11/h3,8,14H,2H2,1H3 ",C5H8N2O10,664
INB1NAPAN, OCC(C)(ON(=O)=O)C(ON(=O)=O)C(=O)OON(=O)=O ," InChI=1S/C5H7N3O12/c1-5(2-9,19-7(13)14)3(17-6(11)12)4(10)18-20-8(15)16/h3,9H,2H2,1H3 ",C5H7N3O12,665
INB1NBCO2H, OCC(ON(=O)=O)C(C)(ON(=O)=O)C(=O)O ," InChI=1S/C5H8N2O9/c1-5(4(9)10,16-7(13)14)3(2-8)15-6(11)12/h3,8H,2H2,1H3,(H,9,10) ",C5H8N2O9,666
INB1NBCO3H, OOC(=O)C(C)(ON(=O)=O)C(CO)ON(=O)=O ," InChI=1S/C5H8N2O10/c1-5(4(9)16-14,17-7(12)13)3(2-8)15-6(10)11/h3,8,14H,2H2,1H3 ",C5H8N2O10,667
INB1NBPAN, OCC(ON(=O)=O)C(C)(ON(=O)=O)C(=O)OON(=O)=O ," InChI=1S/C5H7N3O12/c1-5(19-7(13)14,3(2-9)17-6(11)12)4(10)18-20-8(15)16/h3,9H,2H2,1H3 ",C5H7N3O12,668
MMALNBCO2H, O=CC(O)C(C)(ON(=O)=O)C(=O)O ," InChI=1S/C5H7NO7/c1-5(4(9)10,3(8)2-7)13-6(11)12/h2-3,8H,1H3,(H,9,10) ",C5H7NO7,669
MMALNBCO3H, O=CC(O)C(C)(ON(=O)=O)C(=O)OO ," InChI=1S/C5H7NO8/c1-5(3(8)2-7,4(9)13-12)14-6(10)11/h2-3,8,12H,1H3 ",C5H7NO8,670
MMALNBPAN, O=CC(O)C(C)(ON(=O)=O)C(=O)OON(=O)=O ," InChI=1S/C5H6N2O10/c1-5(3(9)2-8,16-6(11)12)4(10)15-17-7(13)14/h2-3,9H,1H3 ",C5H6N2O10,671
INDHPCO3H, OOC(=O)C(C)(OO)C(CO)ON(=O)=O ," InChI=1S/C5H9NO9/c1-5(15-12,4(8)14-11)3(2-7)13-6(9)10/h3,7,11-12H,2H2,1H3 ",C5H9NO9,672
INDHPPAN, OCC(ON(=O)=O)C(C)(OO)C(=O)OON(=O)=O ," InChI=1S/C5H8N2O11/c1-5(17-14,3(2-8)15-6(10)11)4(9)16-18-7(12)13/h3,8,14H,2H2,1H3 ",C5H8N2O11,673
INANCOCO2H, O=N(=O)OCC(=O)C(C)(ON(=O)=O)C(=O)O ," InChI=1S/C5H6N2O9/c1-5(4(9)10,16-7(13)14)3(8)2-15-6(11)12/h2H2,1H3,(H,9,10) ",C5H6N2O9,674
INANCOCO3H, OOC(=O)C(C)(ON(=O)=O)C(=O)CON(=O)=O ," InChI=1S/C5H6N2O10/c1-5(4(9)16-14,17-7(12)13)3(8)2-15-6(10)11/h14H,2H2,1H3 ",C5H6N2O10,675
INANCOPAN, O=N(=O)OCC(=O)C(C)(ON(=O)=O)C(=O)OON(=O)=O ," InChI=1S/C5H5N3O12/c1-5(19-7(13)14,3(9)2-17-6(11)12)4(10)18-20-8(15)16/h2H2,1H3 ",C5H5N3O12,676
C3DIOLO2, [O]OCC(O)CO ," InChI=1S/C3H7O4/c4-1-3(5)2-7-6/h3-5H,1-2H2 ",C3H7O4,677
HIEB1OOH, OCC(O)C(CO)(OO)C=O ," InChI=1S/C5H10O6/c6-1-4(9)5(2-7,3-8)11-10/h2,4,6,8-10H,1,3H2 ",C5H10O6,678
HIEB1O, OCC(O)C([O])(CO)C=O ," InChI=1S/C5H9O5/c6-1-4(9)5(10,2-7)3-8/h2,4,6,8-9H,1,3H2 ",C5H9O5,679
HIEB2OOH, OOC(C=O)C(O)(CO)CO ," InChI=1S/C5H10O6/c6-1-4(11-10)5(9,2-7)3-8/h1,4,7-10H,2-3H2 ",C5H10O6,680
HIEB2O, O=CC([O])C(O)(CO)CO ," InChI=1S/C5H9O5/c6-1-4(9)5(10,2-7)3-8/h1,4,7-8,10H,2-3H2 ",C5H9O5,681
HPNC524CO, OCC(ON(=O)=O)C(CO)(OO)C=O ," InChI=1S/C5H9NO8/c7-1-4(13-6(10)11)5(2-8,3-9)14-12/h2,4,7,9,12H,1,3H2 ",C5H9NO8,682
DNC524CO, OCC(ON(=O)=O)C(CO)(C=O)ON(=O)=O ," InChI=1S/C5H8N2O9/c8-1-4(15-6(11)12)5(2-9,3-10)16-7(13)14/h2,4,8,10H,1,3H2 ",C5H8N2O9,683
HMVKNO3, OCC(=O)C(CO)ON(=O)=O ," InChI=1S/C4H7NO6/c6-1-3(8)4(2-7)11-5(9)10/h4,6-7H,1-2H2 ",C4H7NO6,684
HNC524CO, OCC(ON(=O)=O)C(O)(CO)C=O ," InChI=1S/C5H9NO7/c7-1-4(13-6(11)12)5(10,2-8)3-9/h2,4,7,9-10H,1,3H2 ",C5H9NO7,685
C31CO3H, O=COC=CC(=O)OO ," InChI=1S/C4H4O5/c5-3-8-2-1-4(6)9-7/h1-3,7H ",C4H4O5,686
C31PAN, O=COC=CC(=O)OO[N+](=O)[O-] , InChI=1S/C4H3NO7/c6-3-10-2-1-4(7)11-12-5(8)9/h1-3H ,C4H3NO7,687
C533OOH, O=COC(C(C(=O)C)OO)O ," InChI=1S/C5H8O6/c1-3(7)4(11-9)5(8)10-2-6/h2,4-5,8-9H,1H3 ",C5H8O6,688
C533O, O=COC(C(C(=O)C)[O])O ," InChI=1S/C5H7O5/c1-3(7)4(8)5(9)10-2-6/h2,4-5,9H,1H3 ",C5H7O5,689
MMALNHYOOH, CC1(OO)C(O)C(=O)OC1=O ," InChI=1S/C5H6O6/c1-5(11-9)2(6)3(7)10-4(5)8/h2,6,9H,1H3 ",C5H6O6,690
MMALANHYO, O=C1OC(=O)C(C)([O])C1O ," InChI=1S/C5H5O5/c1-5(9)2(6)3(7)10-4(5)8/h2,6H,1H3 ",C5H5O5,691
MMALNHY2OH, O=C1OC(=O)C(C)(O)C1O ," InChI=1S/C5H6O5/c1-5(9)2(6)3(7)10-4(5)8/h2,6,9H,1H3 ",C5H6O5,692
C23O3CCO3, [O]OC(=O)COC(=O)C(=O)C ," InChI=1S/C5H5O6/c1-3(6)5(8)10-2-4(7)11-9/h2H2,1H3 ",C5H5O6,693
C3DIOLOOH, OOCC(O)CO ," InChI=1S/C3H8O4/c4-1-3(5)2-7-6/h3-6H,1-2H2 ",C3H8O4,694
C3DIOLO, OCC(O)C[O] ," InChI=1S/C3H7O3/c4-1-3(6)2-5/h3-4,6H,1-2H2 ",C3H7O3,695
HMVKNGLYOX, OCC(ON(=O)=O)C(=O)C=O ," InChI=1S/C4H5NO6/c6-1-3(8)4(2-7)11-5(9)10/h1,4,7H,2H2 ",C4H5NO6,696
C23O3CCO2H, OC(=O)COC(=O)C(=O)C ," InChI=1S/C5H6O5/c1-3(6)5(9)10-2-4(7)8/h2H2,1H3,(H,7,8) ",C5H6O5,697
C23O3CCO3H, OOC(=O)COC(=O)C(=O)C ," InChI=1S/C5H6O6/c1-3(6)5(8)10-2-4(7)11-9/h9H,2H2,1H3 ",C5H6O6,698
C23O3CPAN, O=C(OON(=O)=O)COC(=O)C(=O)C ," InChI=1S/C5H5NO8/c1-3(7)5(9)12-2-4(8)13-14-6(10)11/h2H2,1H3 ",C5H5NO8,699
C23O3CHO, O=COC(=O)C(=O)C ," InChI=1S/C4H4O4/c1-3(6)4(7)8-2-5/h2H,1H3 ",C4H4O4,700
